,Cocoa Percent,Number_of_Ingredients,Rating,clusters,cluster
0,0.72,3,3.25,1,purple
1,0.72,3,2.75,0,tan
2,0.72,3,3.0,0,tan
3,0.72,3,3.25,1,purple
4,0.85,3,3.5,0,tan
5,0.7,4,2.75,2,black
6,0.7,4,3.0,2,black
7,0.7,4,3.25,2,black
8,0.7,4,3.75,2,black
9,0.7,4,2.75,2,black
10,0.7,4,3.0,2,black
11,0.7,4,3.25,2,black
12,0.7,4,4.0,1,purple
13,0.7,4,3.25,2,black
14,0.7,4,3.5,2,black
15,0.63,3,4.0,1,purple
16,0.77,3,3.75,1,purple
17,0.75,3,2.75,0,tan
18,0.75,3,3.5,1,purple
19,0.68,2,3.25,1,purple
20,0.73,3,3.25,1,purple
21,0.75,2,2.5,0,tan
22,0.7,2,2.75,0,tan
23,0.7,2,3.25,1,purple
24,0.72,3,3.25,1,purple
25,0.7,2,4.0,1,purple
26,0.72,3,3.0,0,tan
27,0.7,3,3.25,1,purple
28,0.7,3,3.25,1,purple
29,0.7,3,3.5,1,purple
30,0.67,3,4.0,1,purple
31,0.7,2,3.25,1,purple
32,0.75,4,3.0,2,black
33,0.8,4,3.5,1,purple
34,0.7,2,3.5,1,purple
35,0.75,3,3.5,1,purple
36,0.66,2,3.5,1,purple
37,0.7,2,3.25,1,purple
38,0.7,2,3.5,1,purple
39,0.75,3,3.25,1,purple
40,0.7,3,3.75,1,purple
41,0.7,4,3.75,2,black
42,0.82,4,3.5,1,purple
43,0.65,5,2.5,2,black
44,0.58,3,2.5,2,black
45,0.7,3,3.0,0,tan
46,0.75,4,3.0,2,black
47,0.62,5,2.0,2,black
48,0.74,5,3.0,2,black
49,0.65,5,2.75,2,black
50,0.65,5,2.75,2,black
51,0.65,5,3.25,2,black
52,0.65,5,3.5,2,black
53,0.75,3,3.25,1,purple
54,0.85,3,3.5,0,tan
55,0.7,4,3.0,2,black
56,0.66,5,3.0,2,black
57,0.7,5,3.5,2,black
58,0.75,5,3.25,2,black
59,0.68,4,3.25,2,black
60,0.75,5,2.5,2,black
61,0.75,4,3.25,2,black
62,0.9,2,3.0,0,tan
63,0.72,4,3.0,2,black
64,0.82,2,3.5,1,purple
65,0.82,5,3.0,2,black
66,0.55,5,3.25,2,black
67,0.55,3,2.75,2,black
68,0.8,3,3.25,0,tan
69,0.62,5,3.25,2,black
70,0.7,4,2.5,2,black
71,0.7,3,2.75,0,tan
72,0.7,3,3.75,1,purple
73,0.7,3,3.25,1,purple
74,0.7,3,3.75,1,purple
75,0.88,3,4.0,1,purple
76,0.7,3,4.0,1,purple
77,0.72,3,3.75,1,purple
78,0.7,2,3.5,1,purple
79,0.75,2,4.0,1,purple
80,0.67,3,4.0,1,purple
81,0.72,3,3.75,1,purple
82,0.7,4,2.75,2,black
83,0.7,4,3.5,2,black
84,0.7,2,3.5,1,purple
85,0.7,4,2.75,2,black
86,0.7,4,2.75,2,black
87,0.72,3,3.75,1,purple
88,0.75,2,3.75,1,purple
89,0.71,4,3.0,2,black
90,0.7,4,2.5,2,black
91,0.7,4,2.75,2,black
92,0.7,4,2.75,2,black
93,0.7,3,3.25,1,purple
94,0.7,3,3.75,1,purple
95,0.72,4,3.0,2,black
96,0.7,4,3.5,2,black
97,0.7,4,2.75,2,black
98,0.7,4,2.75,2,black
99,0.7,3,3.0,0,tan
100,0.73,2,3.5,1,purple
101,0.7,4,2.5,2,black
102,0.7,4,3.0,2,black
103,0.7,3,2.5,0,tan
104,0.7,3,3.25,1,purple
105,1.0,3,2.75,0,tan
106,1.0,3,2.25,0,tan
107,0.72,3,3.25,1,purple
108,1.0,3,3.0,0,tan
109,0.7,5,4.0,2,black
110,0.7,2,4.0,1,purple
111,1.0,3,1.75,0,tan
112,1.0,1,2.5,0,tan
113,1.0,3,2.75,0,tan
114,0.7,3,3.0,0,tan
115,0.7,3,3.75,1,purple
116,0.75,3,2.5,0,tan
117,0.8,4,3.25,0,tan
118,0.9,3,3.75,1,purple
119,0.74,4,2.75,2,black
120,0.65,5,3.5,2,black
121,0.84,3,2.25,0,tan
122,0.7,2,3.75,1,purple
123,0.72,5,3.0,2,black
124,0.7,5,3.25,2,black
125,0.6,4,2.5,2,black
126,0.6,4,3.0,2,black
127,0.75,5,3.5,2,black
128,0.85,5,3.5,2,black
129,0.8,4,3.25,0,tan
130,0.7,3,3.75,1,purple
131,0.78,4,3.75,1,purple
132,0.6,4,3.0,2,black
133,0.6,4,3.25,2,black
134,0.55,4,2.5,2,black
135,0.7,4,2.75,2,black
136,0.6,2,2.75,0,tan
137,0.7,2,3.25,1,purple
138,0.74,3,3.5,1,purple
139,0.74,3,3.5,1,purple
140,0.74,3,3.5,1,purple
141,0.73,3,4.0,1,purple
142,0.6,4,3.25,2,black
143,0.7,5,3.5,2,black
144,0.72,3,3.25,1,purple
145,0.73,3,3.5,1,purple
146,0.7,3,4.0,1,purple
147,0.75,3,3.5,1,purple
148,0.7,4,3.0,2,black
149,0.42,4,2.75,2,black
150,0.64,5,3.5,2,black
151,0.7,3,2.75,0,tan
152,0.72,3,3.0,0,tan
153,0.7,2,3.5,1,purple
154,0.7,2,3.0,0,tan
155,0.7,2,3.0,0,tan
156,0.67,2,2.75,0,tan
157,0.78,2,3.25,0,tan
158,0.74,3,2.75,0,tan
159,0.7,2,3.25,1,purple
160,0.7,3,3.25,1,purple
161,0.7,3,3.5,1,purple
162,0.72,3,2.75,0,tan
163,0.72,3,2.75,0,tan
164,0.72,3,3.0,0,tan
165,0.72,3,3.0,0,tan
166,0.75,3,2.5,0,tan
167,0.89,3,2.75,0,tan
168,0.75,3,3.25,1,purple
169,0.65,4,3.25,2,black
170,0.66,4,3.5,2,black
171,0.72,5,3.0,2,black
172,0.72,5,3.0,2,black
173,0.71,4,2.5,2,black
174,0.71,4,2.5,2,black
175,0.7,4,3.0,2,black
176,0.7,3,3.25,1,purple
177,0.75,3,2.75,0,tan
178,0.75,5,2.5,2,black
179,0.72,3,3.5,1,purple
180,0.68,3,4.0,1,purple
181,0.74,3,4.0,1,purple
182,0.7,3,4.0,1,purple
183,0.7,3,3.75,1,purple
184,0.72,4,2.75,2,black
185,0.75,2,3.0,0,tan
186,0.68,3,2.75,0,tan
187,0.75,3,3.0,0,tan
188,0.7,3,3.5,1,purple
189,0.7,3,3.5,1,purple
190,1.0,1,3.5,0,tan
191,0.56,4,3.25,2,black
192,0.74,4,2.25,0,tan
193,0.89,4,2.5,0,tan
194,0.72,3,3.25,1,purple
195,0.75,2,3.75,1,purple
196,0.7,3,3.25,1,purple
197,0.76,2,3.5,1,purple
198,0.8,3,2.75,0,tan
199,0.74,3,2.75,0,tan
200,0.75,3,3.25,1,purple
201,0.7,3,3.5,1,purple
202,0.65,3,2.75,2,black
203,0.7,3,3.0,0,tan
204,0.8,3,3.0,0,tan
205,0.66,3,3.25,1,purple
206,1.0,3,2.0,0,tan
207,0.75,3,3.0,0,tan
208,0.8,4,2.75,0,tan
209,0.7,3,3.25,1,purple
210,0.8,2,3.0,0,tan
211,0.8,2,3.75,1,purple
212,0.8,3,3.0,0,tan
213,0.74,3,3.25,1,purple
214,0.9,3,3.25,0,tan
215,0.75,3,3.5,1,purple
216,0.75,2,2.5,0,tan
217,0.65,6,2.75,2,black
218,0.75,5,2.75,2,black
219,0.75,5,3.0,2,black
220,0.74,3,2.5,0,tan
221,0.74,3,2.75,0,tan
222,0.7,4,2.5,2,black
223,0.7,2,3.5,1,purple
224,0.75,3,2.75,0,tan
225,0.75,3,3.0,0,tan
226,0.72,3,3.25,1,purple
227,0.82,4,3.25,0,tan
228,0.85,3,2.75,0,tan
229,0.7,3,3.5,1,purple
230,0.75,3,3.5,1,purple
231,0.88,3,3.0,0,tan
232,0.7,4,3.0,2,black
233,0.7,4,3.0,2,black
234,0.7,4,3.5,2,black
235,0.7,4,3.75,2,black
236,0.75,3,2.5,0,tan
237,0.71,3,3.5,1,purple
238,0.72,3,3.0,0,tan
239,0.7,3,3.5,1,purple
240,0.72,3,3.5,1,purple
241,0.75,2,3.5,1,purple
242,0.68,3,2.75,0,tan
243,0.7,3,3.5,1,purple
244,0.74,2,3.5,1,purple
245,0.67,3,3.5,1,purple
246,0.72,2,2.75,0,tan
247,0.78,2,3.75,1,purple
248,0.72,2,3.0,0,tan
249,0.67,3,3.0,2,black
250,0.67,3,3.75,1,purple
251,0.67,3,3.75,1,purple
252,0.7,2,3.0,0,tan
253,0.7,3,3.0,0,tan
254,0.66,3,3.5,1,purple
255,0.7,3,2.5,0,tan
256,0.7,3,2.75,0,tan
257,0.6,2,3.0,1,purple
258,0.7,2,3.0,0,tan
259,0.7,3,2.75,0,tan
260,0.7,3,3.0,0,tan
261,0.77,3,3.0,0,tan
262,0.7,2,3.75,1,purple
263,0.7,2,3.5,1,purple
264,0.7,3,3.75,1,purple
265,0.7,3,3.5,1,purple
266,0.75,2,3.0,0,tan
267,0.7,3,3.75,1,purple
268,0.74,3,2.75,0,tan
269,0.7,3,3.5,1,purple
270,0.7,3,3.75,1,purple
271,0.7,3,3.5,1,purple
272,0.7,3,3.75,1,purple
273,0.7,3,3.0,0,tan
274,0.72,3,3.5,1,purple
275,0.7,3,2.75,0,tan
276,0.72,3,2.75,0,tan
277,0.73,2,2.25,0,tan
278,0.64,2,2.75,0,tan
279,0.68,3,3.0,0,tan
280,0.7,3,2.75,0,tan
281,0.72,2,3.5,1,purple
282,0.8,3,3.0,0,tan
283,0.8,3,3.5,1,purple
284,0.8,3,3.75,1,purple
285,0.72,2,2.25,0,tan
286,0.72,2,3.25,1,purple
287,0.72,2,3.25,1,purple
288,0.85,2,3.5,0,tan
289,0.7,3,2.5,0,tan
290,0.65,3,2.25,0,tan
291,0.8,3,3.0,0,tan
292,0.7,3,3.25,1,purple
293,0.7,2,2.5,0,tan
294,0.7,2,2.75,0,tan
295,0.7,2,3.0,0,tan
296,0.85,3,2.5,0,tan
297,0.7,4,3.5,2,black
298,0.72,5,3.75,2,black
299,0.65,5,3.75,2,black
300,0.64,5,4.0,2,black
301,0.7,4,3.5,2,black
302,0.75,2,3.25,1,purple
303,0.7,2,3.0,0,tan
304,0.7,2,3.5,1,purple
305,0.84,3,3.5,0,tan
306,0.7,3,3.5,1,purple
307,0.68,2,3.25,1,purple
308,0.75,4,3.0,2,black
309,0.7,2,4.0,1,purple
310,0.7,2,3.5,1,purple
311,0.75,4,3.0,2,black
312,0.75,4,3.25,2,black
313,0.72,3,3.25,1,purple
314,0.72,3,3.5,1,purple
315,0.75,2,2.75,0,tan
316,0.72,3,3.25,1,purple
317,0.72,3,3.25,1,purple
318,0.7,2,2.75,0,tan
319,0.7,3,3.0,0,tan
320,0.7,3,3.25,1,purple
321,0.8,3,3.5,1,purple
322,0.7,3,3.75,1,purple
323,0.7,3,3.0,0,tan
324,0.7,3,3.0,0,tan
325,0.7,3,3.75,1,purple
326,0.73,2,3.25,1,purple
327,0.73,2,2.5,0,tan
328,0.7,4,2.75,2,black
329,0.7,4,3.5,2,black
330,0.7,4,3.5,2,black
331,0.73,2,3.25,1,purple
332,0.73,2,3.5,1,purple
333,0.7,4,3.75,2,black
334,0.7,4,4.0,1,purple
335,0.77,2,3.25,0,tan
336,0.67,2,3.75,1,purple
337,0.73,2,3.75,1,purple
338,0.6,3,2.5,2,black
339,0.55,4,2.75,2,black
340,0.7,4,3.0,2,black
341,0.72,2,2.5,0,tan
342,0.65,4,3.25,2,black
343,0.7,4,2.75,2,black
344,0.7,4,2.75,2,black
345,0.7,4,3.5,2,black
346,0.76,4,3.75,1,purple
347,0.75,2,3.0,0,tan
348,0.72,2,3.25,1,purple
349,0.7,3,3.0,0,tan
350,0.83,3,2.75,0,tan
351,0.67,3,3.75,1,purple
352,0.73,3,3.75,1,purple
353,0.7,3,3.25,1,purple
354,0.75,3,4.0,1,purple
355,0.73,3,3.75,1,purple
356,0.7,3,3.25,1,purple
357,0.7,3,3.5,1,purple
358,0.7,3,3.75,1,purple
359,0.7,3,3.75,1,purple
360,0.8,3,3.25,0,tan
361,0.7,3,3.5,1,purple
362,0.72,3,3.5,1,purple
363,0.67,4,3.5,2,black
364,0.73,5,1.0,0,tan
365,0.62,5,3.0,2,black
366,0.75,5,3.75,2,black
367,0.6,2,3.25,1,purple
368,0.7,2,3.5,1,purple
369,0.7,3,3.25,1,purple
370,0.8,3,3.5,1,purple
371,0.6,4,3.5,2,black
372,0.65,4,3.5,2,black
373,0.7,3,4.0,1,purple
374,0.7,3,3.5,1,purple
375,0.7,3,3.75,1,purple
376,0.76,3,3.0,0,tan
377,0.725,5,2.5,2,black
378,0.725,5,3.0,2,black
379,0.75,2,3.75,1,purple
380,0.725,5,2.5,2,black
381,0.725,5,3.0,2,black
382,0.65,3,3.5,1,purple
383,0.85,3,2.5,0,tan
384,0.7,2,3.25,1,purple
385,0.7,2,3.25,1,purple
386,0.7,2,3.25,1,purple
387,0.7,2,3.5,1,purple
388,0.76,3,3.5,1,purple
389,0.72,3,3.25,1,purple
390,0.72,3,3.25,1,purple
391,0.7,2,3.5,1,purple
392,0.7,2,3.5,1,purple
393,0.7,2,4.0,1,purple
394,0.75,3,3.0,0,tan
395,0.72,3,2.5,0,tan
396,0.75,3,2.75,0,tan
397,0.75,3,3.0,0,tan
398,0.7,4,3.25,2,black
399,0.7,3,3.0,0,tan
400,0.7,3,3.5,1,purple
401,0.7,3,3.5,1,purple
402,0.7,2,3.75,1,purple
403,0.7,3,3.5,1,purple
404,0.7,3,3.5,1,purple
405,0.7,2,3.75,1,purple
406,0.7,2,3.75,1,purple
407,0.7,3,3.25,1,purple
408,0.75,2,2.5,0,tan
409,0.74,2,3.25,1,purple
410,0.75,2,3.5,1,purple
411,0.65,4,3.25,2,black
412,0.75,4,3.75,1,purple
413,0.7,2,3.5,1,purple
414,0.7,2,3.75,1,purple
415,0.75,4,2.75,2,black
416,0.7,4,3.0,2,black
417,0.75,2,3.5,1,purple
418,0.7,2,3.75,1,purple
419,0.72,2,2.25,0,tan
420,0.7,2,2.5,0,tan
421,0.735,2,2.5,0,tan
422,0.7,3,3.5,1,purple
423,0.7,3,2.75,0,tan
424,0.75,2,3.0,0,tan
425,0.82,2,3.25,0,tan
426,0.72,3,3.5,1,purple
427,0.75,2,2.5,0,tan
428,0.72,5,4.0,2,black
429,0.72,5,2.0,2,black
430,0.7,4,1.0,0,tan
431,0.66,2,2.75,0,tan
432,0.7,2,3.0,0,tan
433,0.88,2,3.25,0,tan
434,0.74,2,3.5,1,purple
435,0.7,4,3.25,2,black
436,0.7,4,3.5,2,black
437,0.7,4,3.75,2,black
438,0.7,4,4.0,1,purple
439,0.81,2,3.25,0,tan
440,0.75,3,3.25,1,purple
441,0.65,3,3.75,1,purple
442,0.72,2,2.5,0,tan
443,0.72,3,2.75,0,tan
444,0.72,3,3.0,0,tan
445,0.72,3,3.25,1,purple
446,0.9,2,3.25,0,tan
447,0.72,3,3.25,1,purple
448,0.72,3,3.25,1,purple
449,0.7,3,2.75,0,tan
450,0.82,2,3.25,0,tan
451,0.63,3,3.5,1,purple
452,0.64,4,3.5,2,black
453,0.7,4,3.5,2,black
454,0.7,4,2.75,2,black
455,0.72,3,2.75,0,tan
456,0.69,4,2.75,2,black
457,0.7,4,3.25,2,black
458,0.68,4,2.75,2,black
459,0.68,3,2.75,0,tan
460,0.74,2,2.75,0,tan
461,0.7,2,3.0,0,tan
462,0.8,2,3.25,0,tan
463,0.75,2,2.5,0,tan
464,0.72,2,3.0,0,tan
465,0.7,2,3.5,1,purple
466,0.74,2,2.5,0,tan
467,0.75,3,3.25,1,purple
468,0.7,2,3.75,1,purple
469,0.7,2,3.0,0,tan
470,0.76,2,3.0,0,tan
471,0.74,2,3.25,1,purple
472,0.72,2,3.25,1,purple
473,0.73,2,3.5,1,purple
474,0.7,5,3.0,2,black
475,0.62,5,3.25,2,black
476,0.6,5,3.25,2,black
477,0.79,3,3.0,0,tan
478,0.7,2,3.75,1,purple
479,0.82,3,3.0,0,tan
480,0.7,3,2.75,0,tan
481,0.7,3,3.5,1,purple
482,0.7,4,2.75,2,black
483,0.7,3,3.25,1,purple
484,0.77,3,3.0,0,tan
485,0.78,3,3.5,1,purple
486,0.57,3,2.75,2,black
487,0.7,2,2.75,0,tan
488,0.7,2,3.0,0,tan
489,0.7,2,3.5,1,purple
490,0.77,2,2.75,0,tan
491,0.77,2,3.0,0,tan
492,0.77,2,3.0,0,tan
493,0.77,2,3.25,0,tan
494,0.74,3,3.5,1,purple
495,0.7,3,3.5,1,purple
496,0.8,3,3.5,1,purple
497,0.72,3,3.0,0,tan
498,0.68,3,3.75,1,purple
499,0.7,2,3.75,1,purple
500,0.72,3,3.5,1,purple
501,0.65,3,3.5,1,purple
502,0.7,4,3.5,2,black
503,0.7,4,3.5,2,black
504,0.7,4,3.5,2,black
505,0.7,4,3.5,2,black
506,0.85,2,3.5,0,tan
507,0.7,2,3.5,1,purple
508,0.77,2,2.75,0,tan
509,0.74,2,3.5,1,purple
510,0.72,5,3.5,2,black
511,0.75,4,3.0,2,black
512,0.67,4,3.5,2,black
513,0.85,5,1.5,0,tan
514,0.66,5,3.0,2,black
515,0.7,4,3.0,2,black
516,0.7,2,3.75,1,purple
517,0.7,2,3.25,1,purple
518,0.7,2,3.25,1,purple
519,0.7,2,3.75,1,purple
520,0.7,3,3.5,1,purple
521,0.62,3,3.5,1,purple
522,0.8,2,3.25,0,tan
523,0.7,2,3.5,1,purple
524,0.7,3,3.5,1,purple
525,0.7,2,2.75,0,tan
526,0.7,2,3.75,1,purple
527,0.7,2,3.75,1,purple
528,0.7,2,3.25,1,purple
529,0.76,2,2.5,0,tan
530,0.65,2,2.5,0,tan
531,0.65,2,2.75,0,tan
532,0.76,2,2.5,0,tan
533,0.78,4,2.5,0,tan
534,0.86,4,3.25,0,tan
535,0.73,2,3.5,1,purple
536,0.8,3,3.5,1,purple
537,0.7,3,3.5,1,purple
538,0.75,3,3.75,1,purple
539,0.75,3,3.75,1,purple
540,0.8,3,2.75,0,tan
541,0.7,3,3.0,0,tan
542,0.64,4,3.0,2,black
543,0.66,2,3.25,1,purple
544,0.75,2,3.25,1,purple
545,0.63,2,3.25,1,purple
546,0.7,2,3.25,1,purple
547,0.68,2,3.5,1,purple
548,0.7,5,2.5,2,black
549,0.65,5,3.0,2,black
550,0.73,5,2.0,2,black
551,0.75,5,2.75,2,black
552,0.82,5,2.0,0,tan
553,0.7,5,3.5,2,black
554,0.75,2,2.0,0,tan
555,0.7,3,3.5,1,purple
556,1.0,1,3.0,0,tan
557,0.77,2,2.75,0,tan
558,0.62,3,2.5,2,black
559,0.8,2,2.75,0,tan
560,1.0,1,3.0,0,tan
561,0.7,2,3.25,1,purple
562,0.8,3,2.75,0,tan
563,0.8,3,2.75,0,tan
564,0.8,2,3.25,0,tan
565,0.63,5,4.0,2,black
566,0.6,3,3.0,2,black
567,0.8,3,3.25,0,tan
568,0.7,2,3.5,1,purple
569,0.8,2,2.5,0,tan
570,0.72,2,3.0,0,tan
571,0.8,3,2.75,0,tan
572,0.8,3,3.25,0,tan
573,0.6,3,3.25,2,black
574,0.72,3,3.5,1,purple
575,0.72,3,3.75,1,purple
576,0.65,2,2.5,0,tan
577,0.75,2,2.5,0,tan
578,0.72,2,2.25,0,tan
579,0.72,2,2.75,0,tan
580,0.72,2,3.0,0,tan
581,0.72,2,3.0,0,tan
582,0.85,5,2.5,0,tan
583,1.0,3,2.0,0,tan
584,0.9,3,2.0,0,tan
585,0.75,3,3.0,0,tan
586,0.65,3,3.0,2,black
587,0.74,3,3.5,1,purple
588,0.75,3,3.25,1,purple
589,0.68,3,3.5,1,purple
590,0.8,3,3.75,1,purple
591,0.7,2,3.5,1,purple
592,0.68,2,3.5,1,purple
593,0.7,2,3.75,1,purple
594,0.63,2,2.75,0,tan
595,0.75,4,3.5,2,black
596,0.75,3,3.25,1,purple
597,0.7,3,3.5,1,purple
598,0.7,4,3.5,2,black
599,0.7,3,3.5,1,purple
600,0.7,2,3.5,1,purple
601,0.7,2,3.5,1,purple
602,0.8,4,3.0,0,tan
603,0.7,2,2.75,0,tan
604,0.74,2,3.0,0,tan
605,0.7,2,3.0,0,tan
606,0.7,2,2.75,0,tan
607,0.73,2,3.25,1,purple
608,0.7,2,3.25,1,purple
609,0.7,3,3.0,0,tan
610,0.7,3,3.25,1,purple
611,0.7,2,3.5,1,purple
612,0.7,3,3.5,1,purple
613,0.7,3,3.0,0,tan
614,0.7,3,3.25,1,purple
615,0.7,3,3.75,1,purple
616,0.75,3,4.0,1,purple
617,0.7,2,2.5,0,tan
618,0.7,3,3.75,1,purple
619,0.7,2,3.25,1,purple
620,0.7,2,3.5,1,purple
621,0.8,2,3.25,0,tan
622,0.73,2,3.5,1,purple
623,0.7,2,3.0,0,tan
624,0.7,2,3.25,1,purple
625,0.7,2,3.5,1,purple
626,0.75,2,3.25,1,purple
627,0.85,4,3.0,0,tan
628,0.71,5,2.75,2,black
629,0.7,2,3.25,1,purple
630,0.7,2,3.25,1,purple
631,0.72,3,3.5,1,purple
632,0.7,3,3.75,1,purple
633,0.72,2,3.5,1,purple
634,0.72,2,3.75,1,purple
635,0.7,3,3.0,0,tan
636,0.72,3,3.5,1,purple
637,0.7,3,3.25,1,purple
638,0.7,3,3.25,1,purple
639,0.7,3,3.25,1,purple
640,0.7,3,3.5,1,purple
641,0.6,3,3.0,2,black
642,0.72,3,3.5,1,purple
643,0.69,3,3.75,1,purple
644,0.8,2,3.75,1,purple
645,0.82,3,3.25,0,tan
646,0.7,3,3.5,1,purple
647,0.72,2,3.25,1,purple
648,0.72,2,3.5,1,purple
649,0.75,4,2.75,2,black
650,0.75,4,2.75,2,black
651,0.75,4,3.0,2,black
652,0.75,4,3.25,2,black
653,0.75,4,3.0,2,black
654,0.7,3,2.75,0,tan
655,0.7,3,3.5,1,purple
656,0.75,3,4.0,1,purple
657,0.7,2,3.5,1,purple
658,0.7,2,3.75,1,purple
659,0.7,2,4.0,1,purple
660,0.7,3,3.0,0,tan
661,0.7,5,3.75,2,black
662,0.75,2,2.75,0,tan
663,0.7,2,3.25,1,purple
664,0.75,3,3.5,1,purple
665,0.7,3,2.75,0,tan
666,0.7,3,3.5,1,purple
667,0.68,3,3.5,1,purple
668,0.7,2,2.5,0,tan
669,0.75,3,2.75,0,tan
670,0.72,3,3.0,0,tan
671,0.7,3,3.0,0,tan
672,0.7,3,3.5,1,purple
673,0.7,2,3.0,0,tan
674,0.73,2,3.0,0,tan
675,0.73,2,3.25,1,purple
676,0.7,3,3.0,0,tan
677,0.7,2,2.75,0,tan
678,0.7,2,3.25,1,purple
679,0.65,3,3.25,1,purple
680,0.7,2,2.75,0,tan
681,0.75,4,4.0,1,purple
682,0.65,3,3.5,1,purple
683,0.64,5,3.25,2,black
684,0.7,3,3.5,1,purple
685,0.67,3,3.75,1,purple
686,0.7,3,3.75,1,purple
687,0.72,3,4.0,1,purple
688,0.7,2,3.5,1,purple
689,0.72,3,2.75,0,tan
690,0.7,3,3.5,1,purple
691,0.7,3,3.5,1,purple
692,0.76,2,3.5,1,purple
693,0.7,3,3.25,1,purple
694,0.7,3,3.25,1,purple
695,0.7,3,4.0,1,purple
696,0.73,2,3.5,1,purple
697,0.78,3,3.5,1,purple
698,0.7,4,3.0,2,black
699,0.7,2,3.75,1,purple
700,0.75,4,3.5,2,black
701,0.7,2,3.75,1,purple
702,0.7,2,3.25,1,purple
703,0.65,4,3.25,2,black
704,0.7,4,4.0,1,purple
705,0.75,4,3.25,2,black
706,0.75,4,3.75,1,purple
707,0.7,4,3.5,2,black
708,0.8,4,3.5,1,purple
709,0.75,4,3.5,2,black
710,0.75,4,3.0,2,black
711,0.85,2,3.25,0,tan
712,0.68,2,3.5,1,purple
713,0.7,2,3.75,1,purple
714,0.73,2,3.25,1,purple
715,0.7,2,2.75,0,tan
716,0.7,4,3.25,2,black
717,0.63,4,3.5,2,black
718,0.7,3,2.75,0,tan
719,0.85,4,3.5,0,tan
720,0.7,5,3.25,2,black
721,0.7,2,2.75,0,tan
722,0.7,2,2.75,0,tan
723,0.77,4,2.5,0,tan
724,0.85,5,3.5,2,black
725,0.77,2,3.5,1,purple
726,0.77,2,3.5,1,purple
727,0.65,3,3.5,1,purple
728,0.72,3,3.75,1,purple
729,0.7,4,4.0,1,purple
730,0.7,5,3.75,2,black
731,0.67,3,3.0,2,black
732,0.7,3,3.75,1,purple
733,0.7,3,2.25,0,tan
734,0.7,3,2.75,0,tan
735,0.7,3,3.25,1,purple
736,0.74,2,3.25,1,purple
737,0.66,2,3.0,1,purple
738,0.7,2,3.75,1,purple
739,0.7,2,3.75,1,purple
740,0.7,3,2.5,0,tan
741,0.7,4,2.75,2,black
742,0.7,4,3.0,2,black
743,0.8,3,2.75,0,tan
744,0.77,3,2.75,0,tan
745,0.6,3,3.0,2,black
746,0.85,3,3.25,0,tan
747,0.77,4,2.75,0,tan
748,0.7,4,3.5,2,black
749,0.7,2,3.25,1,purple
750,0.7,2,3.0,0,tan
751,0.7,2,3.25,1,purple
752,0.7,2,3.5,1,purple
753,0.7,3,3.5,1,purple
754,0.8,3,2.75,0,tan
755,0.77,2,3.5,1,purple
756,0.85,3,3.0,0,tan
757,0.7,4,3.0,2,black
758,0.7,4,3.0,2,black
759,0.7,4,3.0,2,black
760,0.75,2,3.25,1,purple
761,0.67,3,3.0,2,black
762,0.7,4,3.0,2,black
763,0.7,2,2.75,0,tan
764,0.7,2,3.5,1,purple
765,0.63,4,3.5,2,black
766,0.75,4,3.75,1,purple
767,0.66,4,2.5,2,black
768,0.77,3,3.5,1,purple
769,0.74,3,3.5,1,purple
770,0.75,2,2.75,0,tan
771,0.75,2,3.5,1,purple
772,0.88,3,3.25,0,tan
773,0.7,3,3.25,1,purple
774,0.7,3,3.75,1,purple
775,0.7,4,3.5,2,black
776,0.75,3,2.75,0,tan
777,0.7,3,3.25,1,purple
778,0.7,3,3.5,1,purple
779,0.75,3,3.25,1,purple
780,0.7,3,2.75,0,tan
781,0.72,3,2.75,0,tan
782,0.75,3,3.25,1,purple
783,0.66,3,3.5,1,purple
784,0.62,5,2.0,2,black
785,0.78,4,3.75,1,purple
786,0.65,5,3.5,2,black
787,0.7,2,2.75,0,tan
788,0.72,2,3.0,0,tan
789,0.7,5,2.5,2,black
790,0.7,5,2.5,2,black
791,0.7,2,3.5,1,purple
792,0.7,2,3.75,1,purple
793,0.7,5,3.0,2,black
794,0.72,3,4.0,1,purple
795,0.7,2,3.25,1,purple
796,0.72,2,3.0,0,tan
797,0.6,3,2.75,2,black
798,0.6,3,3.0,2,black
799,0.6,3,2.5,2,black
800,0.6,3,2.5,2,black
801,0.6,3,2.75,2,black
802,0.76,2,3.0,0,tan
803,0.85,3,3.25,0,tan
804,0.73,3,3.75,1,purple
805,0.76,2,2.5,0,tan
806,0.76,2,2.75,0,tan
807,0.7,3,3.75,1,purple
808,0.7,3,4.0,1,purple
809,0.6,3,3.0,2,black
810,0.82,2,3.5,1,purple
811,0.72,3,3.5,1,purple
812,0.7,3,3.5,1,purple
813,0.68,3,3.75,1,purple
814,0.72,3,4.0,1,purple
815,0.7,3,3.25,1,purple
816,0.74,3,3.5,1,purple
817,0.77,3,3.5,1,purple
818,0.75,2,3.75,1,purple
819,0.7,2,3.0,0,tan
820,0.64,4,3.0,2,black
821,0.71,4,3.0,2,black
822,0.6,4,3.0,2,black
823,0.7,4,3.75,2,black
824,0.72,2,3.0,0,tan
825,0.72,2,3.25,1,purple
826,0.75,2,2.75,0,tan
827,0.75,2,3.5,1,purple
828,0.7,3,3.75,1,purple
829,0.7,2,3.5,1,purple
830,0.7,2,3.5,1,purple
831,0.75,2,3.0,0,tan
832,1.0,1,2.75,0,tan
833,0.7,2,3.5,1,purple
834,0.7,2,2.5,0,tan
835,0.7,2,2.75,0,tan
836,0.6,2,3.0,1,purple
837,0.75,2,3.0,0,tan
838,0.8,2,3.0,0,tan
839,0.7,2,3.25,1,purple
840,0.83,3,2.75,0,tan
841,0.78,3,3.0,0,tan
842,0.83,3,3.5,1,purple
843,0.8,2,2.75,0,tan
844,0.8,4,2.5,0,tan
845,0.9,2,2.5,0,tan
846,0.8,2,2.5,0,tan
847,0.7,2,2.75,0,tan
848,0.7,6,2.75,2,black
849,0.8,6,2.75,2,black
850,0.75,2,3.5,1,purple
851,0.67,2,3.75,1,purple
852,0.74,2,3.75,1,purple
853,0.74,2,4.0,1,purple
854,0.68,3,3.75,1,purple
855,0.65,5,3.25,2,black
856,0.8,2,3.5,1,purple
857,0.8,3,2.75,0,tan
858,0.7,3,2.75,0,tan
859,0.7,3,2.75,0,tan
860,0.61,4,2.5,2,black
861,0.7,3,3.0,0,tan
862,0.73,2,3.5,1,purple
863,0.9,3,2.75,0,tan
864,0.7,2,3.25,1,purple
865,0.7,3,3.5,1,purple
866,0.7,3,3.75,1,purple
867,0.7,3,3.75,1,purple
868,0.7,3,2.75,0,tan
869,0.75,2,3.25,1,purple
870,0.7,3,2.75,0,tan
871,0.6,3,3.0,2,black
872,0.7,3,3.0,0,tan
873,0.64,4,3.0,2,black
874,0.64,4,3.0,2,black
875,0.74,3,3.0,0,tan
876,0.7,3,3.5,1,purple
877,0.61,5,2.5,2,black
878,0.71,5,3.0,2,black
879,0.7,3,3.25,1,purple
880,0.75,3,2.5,0,tan
881,0.73,3,2.75,0,tan
882,0.7,3,3.0,0,tan
883,0.85,3,3.25,0,tan
884,0.75,2,3.25,1,purple
885,0.75,3,3.0,0,tan
886,0.7,3,3.25,1,purple
887,0.72,2,3.5,1,purple
888,0.7,2,3.5,1,purple
889,0.7,3,3.25,1,purple
890,0.7,3,3.25,1,purple
891,0.7,3,3.75,1,purple
892,0.71,3,3.75,1,purple
893,0.74,3,3.75,1,purple
894,0.7,2,3.75,1,purple
895,0.7,2,3.75,1,purple
896,0.62,3,3.5,1,purple
897,0.7,3,3.5,1,purple
898,0.7,3,3.5,1,purple
899,0.7,3,2.75,0,tan
900,0.85,3,2.75,0,tan
901,0.85,3,3.0,0,tan
902,0.7,3,3.5,1,purple
903,0.7,3,3.5,1,purple
904,0.7,3,3.75,1,purple
905,0.75,3,3.75,1,purple
906,0.7,3,4.0,1,purple
907,0.7,3,3.25,1,purple
908,0.75,3,3.25,1,purple
909,0.7,3,2.5,0,tan
910,0.7,3,3.0,0,tan
911,0.76,3,2.75,0,tan
912,0.82,3,3.0,0,tan
913,0.74,3,3.25,1,purple
914,0.72,3,3.75,1,purple
915,0.75,4,2.75,2,black
916,0.73,4,3.5,2,black
917,0.75,4,2.5,0,tan
918,0.84,4,3.0,0,tan
919,0.7,4,3.25,2,black
920,0.65,3,3.5,1,purple
921,0.85,2,2.75,0,tan
922,0.68,2,2.75,0,tan
923,0.7,3,3.75,1,purple
924,0.7,2,3.25,1,purple
925,0.7,2,3.25,1,purple
926,0.7,2,3.25,1,purple
927,0.7,2,3.5,1,purple
928,0.7,3,3.5,1,purple
929,0.7,4,4.0,1,purple
930,0.7,3,4.0,1,purple
931,0.75,2,3.5,1,purple
932,0.7,4,2.75,2,black
933,0.7,4,3.75,2,black
934,0.7,4,3.75,2,black
935,0.7,2,3.0,0,tan
936,0.7,3,3.0,0,tan
937,0.7,2,3.25,1,purple
938,0.73,2,3.5,1,purple
939,0.76,2,3.0,0,tan
940,0.75,2,3.75,1,purple
941,0.73,2,3.75,1,purple
942,0.7,4,3.5,2,black
943,0.7,3,3.0,0,tan
944,0.67,3,3.75,1,purple
945,0.7,2,3.5,1,purple
946,0.78,2,3.5,1,purple
947,0.7,3,3.75,1,purple
948,0.7,2,3.25,1,purple
949,0.7,3,3.5,1,purple
950,0.7,3,3.75,1,purple
951,0.7,4,2.75,2,black
952,0.77,3,3.5,1,purple
953,0.75,3,3.25,1,purple
954,0.64,3,2.75,2,black
955,0.7,3,3.5,1,purple
956,0.63,4,3.75,2,black
957,0.68,2,3.0,0,tan
958,0.75,5,3.0,2,black
959,0.91,2,2.0,0,tan
960,0.75,3,3.0,0,tan
961,0.75,2,3.75,1,purple
962,0.65,3,3.25,1,purple
963,0.78,2,3.5,1,purple
964,0.75,3,2.75,0,tan
965,0.7,3,2.75,0,tan
966,0.7,3,3.25,1,purple
967,0.65,3,3.0,2,black
968,0.65,3,3.25,1,purple
969,0.65,3,3.25,1,purple
970,0.65,3,3.5,1,purple
971,0.65,3,3.5,1,purple
972,0.7,3,2.25,0,tan
973,0.7,3,2.5,0,tan
974,0.7,3,3.0,0,tan
975,0.7,3,3.0,0,tan
976,0.7,2,3.5,1,purple
977,0.75,3,3.25,1,purple
978,0.71,2,2.75,0,tan
979,0.68,2,2.75,0,tan
980,0.73,3,3.5,1,purple
981,0.68,2,2.75,0,tan
982,0.8,2,3.0,0,tan
983,0.7,3,3.25,1,purple
984,0.7,3,3.25,1,purple
985,0.7,3,3.25,1,purple
986,0.7,2,3.5,1,purple
987,0.7,3,3.75,1,purple
988,0.7,2,3.5,1,purple
989,0.7,2,4.0,1,purple
990,0.7,3,3.25,1,purple
991,0.7,4,3.5,2,black
992,0.7,2,3.5,1,purple
993,0.74,3,3.0,0,tan
994,0.76,3,3.5,1,purple
995,0.75,3,3.5,1,purple
996,0.75,3,3.75,1,purple
997,0.78,2,2.75,0,tan
998,0.72,2,2.5,0,tan
999,0.75,2,3.25,1,purple
1000,0.7,2,3.5,1,purple
1001,0.7,2,3.75,1,purple
1002,0.7,2,4.0,1,purple
1003,0.7,2,4.0,1,purple
1004,0.7,2,3.5,1,purple
1005,0.72,2,2.75,0,tan
1006,0.72,2,3.0,0,tan
1007,0.7,2,3.25,1,purple
1008,0.77,3,2.75,0,tan
1009,0.77,3,3.25,0,tan
1010,0.77,3,3.25,0,tan
1011,0.7,2,4.0,1,purple
1012,0.7,2,3.25,1,purple
1013,0.73,2,3.25,1,purple
1014,0.7,2,3.75,1,purple
1015,0.72,2,2.75,0,tan
1016,0.7,2,3.25,1,purple
1017,0.7,3,2.75,0,tan
1018,0.7,3,3.5,1,purple
1019,0.7,3,3.75,1,purple
1020,0.75,2,3.25,1,purple
1021,0.77,2,3.25,0,tan
1022,0.7,2,3.5,1,purple
1023,0.75,2,3.5,1,purple
1024,0.7,2,3.5,1,purple
1025,0.73,2,3.5,1,purple
1026,0.7,3,3.5,1,purple
1027,0.8,2,3.5,1,purple
1028,0.7,3,3.5,1,purple
1029,0.7,3,3.5,1,purple
1030,0.7,3,3.5,1,purple
1031,0.7,3,3.5,1,purple
1032,0.73,3,3.0,0,tan
1033,0.72,3,3.25,1,purple
1034,0.7,2,2.5,0,tan
1035,0.7,2,2.75,0,tan
1036,0.7,2,3.25,1,purple
1037,0.7,2,3.5,1,purple
1038,0.7,3,3.5,1,purple
1039,0.7,2,3.75,1,purple
1040,0.7,3,3.75,1,purple
1041,0.73,2,3.0,0,tan
1042,0.75,2,3.75,1,purple
1043,0.7,2,3.25,1,purple
1044,0.7,3,4.0,1,purple
1045,0.72,3,3.0,0,tan
1046,0.72,2,3.0,0,tan
1047,0.72,2,3.25,1,purple
1048,0.65,3,3.5,1,purple
1049,0.65,2,3.5,1,purple
1050,0.72,3,2.75,0,tan
1051,0.7,4,2.75,2,black
1052,0.7,2,3.0,0,tan
1053,0.7,2,3.5,1,purple
1054,0.7,2,3.0,0,tan
1055,0.7,2,3.0,0,tan
1056,0.7,3,2.75,0,tan
1057,0.7,3,3.75,1,purple
1058,0.72,3,3.5,1,purple
1059,0.74,3,3.75,1,purple
1060,0.6,3,3.25,2,black
1061,0.75,2,3.75,1,purple
1062,0.67,4,3.0,2,black
1063,0.75,4,3.0,2,black
1064,0.65,4,3.5,2,black
1065,0.81,2,3.25,0,tan
1066,0.7,4,3.5,2,black
1067,0.72,2,3.5,1,purple
1068,0.8,2,3.5,1,purple
1069,0.7,3,3.25,1,purple
1070,0.7,3,4.0,1,purple
1071,0.75,4,3.5,2,black
1072,0.75,3,3.75,1,purple
1073,0.75,3,3.75,1,purple
1074,0.73,4,3.25,2,black
1075,0.75,4,3.25,2,black
1076,0.66,4,3.5,2,black
1077,0.65,4,3.75,2,black
1078,0.7,5,2.5,2,black
1079,0.75,3,4.0,1,purple
1080,0.72,2,2.75,0,tan
1081,0.7,2,3.5,1,purple
1082,0.7,3,3.25,1,purple
1083,0.75,6,3.5,2,black
1084,0.73,2,3.75,1,purple
1085,0.75,2,3.25,1,purple
1086,0.75,3,3.75,1,purple
1087,0.7,3,2.75,0,tan
1088,0.7,2,3.5,1,purple
1089,0.7,2,3.75,1,purple
1090,0.75,2,2.75,0,tan
1091,0.75,2,2.75,0,tan
1092,0.73,3,3.75,1,purple
1093,0.7,4,3.25,2,black
1094,0.75,2,3.0,0,tan
1095,0.75,2,3.25,1,purple
1096,0.72,3,3.25,1,purple
1097,0.68,5,3.5,2,black
1098,0.78,4,3.75,1,purple
1099,0.75,3,3.75,1,purple
1100,0.77,3,3.5,1,purple
1101,0.75,3,3.5,1,purple
1102,0.7,3,2.5,0,tan
1103,0.77,2,3.0,0,tan
1104,0.7,2,3.25,1,purple
1105,0.7,3,3.25,1,purple
1106,0.7,3,4.0,1,purple
1107,0.72,2,4.0,1,purple
1108,1.0,2,3.0,0,tan
1109,0.7,2,3.5,1,purple
1110,0.7,3,3.5,1,purple
1111,0.73,3,3.5,1,purple
1112,0.69,4,3.25,2,black
1113,0.7,3,3.5,1,purple
1114,0.7,3,3.75,1,purple
1115,0.7,2,4.0,1,purple
1116,0.7,2,3.0,0,tan
1117,0.7,3,3.5,1,purple
1118,0.7,3,3.5,1,purple
1119,0.7,2,4.0,1,purple
1120,0.74,2,3.0,0,tan
1121,0.7,3,3.25,1,purple
1122,0.7,3,3.25,1,purple
1123,0.7,3,3.25,1,purple
1124,0.7,3,3.5,1,purple
1125,0.73,3,3.0,0,tan
1126,0.75,3,3.0,0,tan
1127,0.7,3,3.5,1,purple
1128,0.75,3,3.0,0,tan
1129,0.75,3,3.0,0,tan
1130,0.72,3,3.5,1,purple
1131,0.7,2,4.0,1,purple
1132,0.7,3,4.0,1,purple
1133,0.7,2,3.75,1,purple
1134,0.72,3,3.0,0,tan
1135,0.7,3,3.0,0,tan
1136,0.6,4,2.5,2,black
1137,0.71,3,3.0,0,tan
1138,0.7,3,3.25,1,purple
1139,0.73,3,3.5,1,purple
1140,0.7,3,3.75,1,purple
1141,0.7,3,2.5,0,tan
1142,0.7,3,3.0,0,tan
1143,0.715,3,2.75,0,tan
1144,0.72,3,3.5,1,purple
1145,0.77,4,2.75,0,tan
1146,0.7,3,3.0,0,tan
1147,0.7,3,3.0,0,tan
1148,0.7,3,3.5,1,purple
1149,0.74,5,2.5,2,black
1150,0.58,5,2.5,2,black
1151,0.61,5,3.0,2,black
1152,0.7,4,2.75,2,black
1153,0.7,2,3.25,1,purple
1154,0.7,3,3.0,0,tan
1155,0.7,3,3.5,1,purple
1156,0.7,2,3.0,0,tan
1157,0.7,3,2.75,0,tan
1158,0.75,3,3.25,1,purple
1159,0.65,4,2.5,2,black
1160,0.7,2,3.25,1,purple
1161,0.7,2,3.0,0,tan
1162,0.7,3,3.25,1,purple
1163,0.7,3,3.0,0,tan
1164,0.7,2,3.0,0,tan
1165,0.7,2,3.0,0,tan
1166,0.7,2,3.25,1,purple
1167,0.68,2,3.5,1,purple
1168,0.71,3,3.0,0,tan
1169,0.7,2,4.0,1,purple
1170,0.7,2,3.0,0,tan
1171,0.72,2,2.75,0,tan
1172,0.72,3,3.0,0,tan
1173,0.63,3,2.5,2,black
1174,0.76,2,2.75,0,tan
1175,0.7,2,2.75,0,tan
1176,0.7,4,3.5,2,black
1177,0.7,2,3.0,0,tan
1178,0.7,2,3.25,1,purple
1179,0.7,2,3.5,1,purple
1180,0.7,4,3.0,2,black
1181,0.7,4,3.0,2,black
1182,0.7,4,3.0,2,black
1183,0.7,4,3.0,2,black
1184,0.71,4,3.5,2,black
1185,0.8,3,3.0,0,tan
1186,0.7,4,3.0,2,black
1187,0.75,4,3.5,2,black
1188,0.68,3,3.0,0,tan
1189,0.72,3,2.75,0,tan
1190,0.72,3,3.0,0,tan
1191,0.7,3,4.0,1,purple
1192,0.8,2,3.5,1,purple
1193,0.66,4,3.0,2,black
1194,0.8,4,3.25,0,tan
1195,0.7,3,3.0,0,tan
1196,0.7,3,3.25,1,purple
1197,0.73,4,3.25,2,black
1198,0.8,4,3.25,0,tan
1199,0.7,2,2.75,0,tan
1200,0.7,2,3.25,1,purple
1201,0.7,2,3.0,0,tan
1202,0.7,2,3.0,0,tan
1203,0.7,2,3.5,1,purple
1204,0.7,2,3.5,1,purple
1205,0.7,3,3.0,0,tan
1206,0.7,3,3.25,1,purple
1207,0.7,3,3.5,1,purple
1208,0.66,3,3.25,1,purple
1209,0.7,3,3.25,1,purple
1210,0.7,2,3.0,0,tan
1211,0.7,2,3.25,1,purple
1212,0.7,2,3.25,1,purple
1213,0.75,2,3.25,1,purple
1214,0.75,2,3.25,1,purple
1215,0.7,2,3.5,1,purple
1216,0.72,2,3.5,1,purple
1217,0.68,3,3.5,1,purple
1218,0.7,3,3.75,1,purple
1219,0.7,3,3.75,1,purple
1220,0.85,2,3.0,0,tan
1221,0.6,3,3.0,2,black
1222,0.7,3,3.25,1,purple
1223,0.7,3,3.75,1,purple
1224,0.7,3,4.0,1,purple
1225,0.7,2,2.75,0,tan
1226,0.7,2,2.75,0,tan
1227,0.7,2,3.0,0,tan
1228,0.7,2,3.0,0,tan
1229,0.7,3,3.0,0,tan
1230,0.7,3,3.5,1,purple
1231,0.7,3,3.75,1,purple
1232,0.7,3,4.0,1,purple
1233,0.7,3,3.25,1,purple
1234,0.75,4,2.75,2,black
1235,0.72,2,3.0,0,tan
1236,0.72,3,3.25,1,purple
1237,0.7,2,3.0,0,tan
1238,0.75,2,3.0,0,tan
1239,0.7,4,3.25,2,black
1240,0.7,2,3.25,1,purple
1241,0.7,3,3.25,1,purple
1242,0.7,3,3.0,0,tan
1243,0.78,3,3.75,1,purple
1244,0.8,3,3.5,1,purple
1245,0.73,2,2.5,0,tan
1246,0.71,2,3.5,1,purple
1247,0.72,3,3.25,1,purple
1248,0.7,2,3.0,0,tan
1249,0.7,2,2.25,0,tan
1250,0.74,2,2.75,0,tan
1251,0.7,2,3.0,0,tan
1252,0.75,2,3.5,1,purple
1253,0.75,2,2.0,0,tan
1254,0.75,2,2.75,0,tan
1255,0.75,2,2.75,0,tan
1256,0.75,2,3.0,0,tan
1257,0.75,2,2.75,0,tan
1258,0.72,3,3.0,0,tan
1259,0.72,3,3.75,1,purple
1260,0.72,3,3.75,1,purple
1261,0.7,2,3.25,1,purple
1262,0.7,2,3.5,1,purple
1263,0.7,2,3.5,1,purple
1264,0.72,3,2.75,0,tan
1265,0.7,2,3.0,0,tan
1266,0.72,3,3.25,1,purple
1267,0.72,3,3.25,1,purple
1268,0.72,3,3.5,1,purple
1269,0.67,3,3.75,1,purple
1270,0.68,2,3.0,0,tan
1271,0.7,3,3.25,1,purple
1272,0.72,3,3.5,1,purple
1273,0.72,3,3.25,1,purple
1274,0.72,3,3.5,1,purple
1275,0.7,3,2.5,0,tan
1276,0.72,3,3.0,0,tan
1277,0.7,5,2.5,2,black
1278,0.7,2,3.0,0,tan
1279,0.7,2,3.25,1,purple
1280,0.7,2,3.5,1,purple
1281,0.7,2,3.5,1,purple
1282,0.7,3,3.0,0,tan
1283,0.7,3,3.25,1,purple
1284,0.7,5,2.5,2,black
1285,0.7,2,3.0,0,tan
1286,0.7,2,3.5,1,purple
1287,0.7,2,2.75,0,tan
1288,0.7,2,3.0,0,tan
1289,0.7,2,3.0,0,tan
1290,0.7,2,3.5,1,purple
1291,0.75,3,3.25,1,purple
1292,0.7,2,3.25,1,purple
1293,0.7,2,2.75,0,tan
1294,0.75,2,2.5,0,tan
1295,0.7,2,3.0,0,tan
1296,0.7,3,3.75,1,purple
1297,0.8,2,3.25,0,tan
1298,0.78,2,3.5,1,purple
1299,0.72,3,2.5,0,tan
1300,0.72,2,3.0,0,tan
1301,0.72,3,3.0,0,tan
1302,0.72,3,3.0,0,tan
1303,0.7,2,3.0,0,tan
1304,0.7,3,3.5,1,purple
1305,0.72,3,3.0,0,tan
1306,0.7,3,3.0,0,tan
1307,0.7,4,3.5,2,black
1308,0.63,4,3.75,2,black
1309,0.68,3,3.5,1,purple
1310,0.7,3,3.5,1,purple
1311,0.7,3,3.5,1,purple
1312,0.7,2,3.5,1,purple
1313,0.73,3,3.0,0,tan
1314,0.7,3,3.75,1,purple
1315,0.7,3,3.5,1,purple
1316,0.7,2,3.0,0,tan
1317,0.7,2,3.25,1,purple
1318,0.7,2,3.75,1,purple
1319,0.7,3,3.0,0,tan
1320,0.7,3,3.5,1,purple
1321,0.7,3,3.75,1,purple
1322,0.7,3,3.5,1,purple
1323,0.7,3,3.25,1,purple
1324,0.7,2,2.5,0,tan
1325,0.7,2,2.5,0,tan
1326,0.8,2,3.0,0,tan
1327,0.7,3,2.75,0,tan
1328,0.72,2,2.5,0,tan
1329,0.72,2,3.75,1,purple
1330,0.75,3,3.75,1,purple
1331,0.7,5,3.5,2,black
1332,0.75,5,3.25,2,black
1333,0.68,3,3.0,0,tan
1334,0.72,2,3.0,0,tan
1335,0.72,5,3.25,2,black
1336,0.72,5,3.75,2,black
1337,0.75,3,2.75,0,tan
1338,0.7,5,3.0,2,black
1339,0.7,2,3.0,0,tan
1340,0.7,3,3.0,0,tan
1341,0.75,2,2.75,0,tan
1342,0.68,3,3.5,1,purple
1343,0.6,4,2.75,2,black
1344,0.72,4,3.0,2,black
1345,0.65,4,3.0,2,black
1346,0.7,3,4.0,1,purple
1347,0.7,3,4.0,1,purple
1348,0.7,5,2.5,2,black
1349,0.7,5,3.0,2,black
1350,0.72,4,3.0,2,black
1351,0.72,4,3.0,2,black
1352,0.72,4,3.0,2,black
1353,0.75,3,4.0,1,purple
1354,0.72,4,2.75,2,black
1355,0.75,3,2.5,0,tan
1356,0.75,3,4.0,1,purple
1357,0.7,2,2.75,0,tan
1358,0.7,2,3.5,1,purple
1359,0.7,2,3.5,1,purple
1360,0.7,2,4.0,1,purple
1361,0.75,3,3.5,1,purple
1362,0.75,3,3.5,1,purple
1363,0.75,3,3.0,0,tan
1364,0.8,2,3.75,1,purple
1365,0.7,3,3.25,1,purple
1366,0.72,3,3.0,0,tan
1367,0.72,3,3.25,1,purple
1368,0.75,4,3.0,2,black
1369,0.7,3,2.75,0,tan
1370,0.7,3,3.5,1,purple
1371,0.7,4,3.5,2,black
1372,0.7,4,3.75,2,black
1373,0.72,5,3.0,2,black
1374,0.75,3,3.75,1,purple
1375,0.7,2,3.0,0,tan
1376,0.7,3,3.25,1,purple
1377,0.7,4,3.0,2,black
1378,0.7,3,2.75,0,tan
1379,0.72,2,4.0,1,purple
1380,0.75,3,2.75,0,tan
1381,0.75,3,2.75,0,tan
1382,0.7,2,3.25,1,purple
1383,0.7,2,3.5,1,purple
1384,0.74,2,3.75,1,purple
1385,0.75,3,3.0,0,tan
1386,0.75,2,2.5,0,tan
1387,0.7,2,3.0,0,tan
1388,0.75,3,2.75,0,tan
1389,0.7,2,3.25,1,purple
1390,0.74,3,2.75,0,tan
1391,0.7,2,3.5,1,purple
1392,0.7,2,3.0,0,tan
1393,0.7,2,3.5,1,purple
1394,0.7,3,2.75,0,tan
1395,0.75,3,3.0,0,tan
1396,0.72,3,2.5,0,tan
1397,0.68,2,2.5,0,tan
1398,0.72,2,2.75,0,tan
1399,0.74,2,3.25,1,purple
1400,0.7,4,3.25,2,black
1401,0.82,3,2.75,0,tan
1402,0.72,3,3.25,1,purple
1403,0.7,3,3.0,0,tan
1404,0.75,2,3.25,1,purple
1405,0.76,2,3.25,0,tan
1406,0.72,3,2.5,0,tan
1407,0.71,3,3.25,1,purple
1408,0.74,4,3.5,2,black
1409,0.67,5,3.75,2,black
1410,0.71,4,2.5,2,black
1411,0.71,4,3.0,2,black
1412,0.76,2,3.25,0,tan
1413,0.71,2,3.5,1,purple
1414,0.71,4,2.5,2,black
1415,0.72,3,3.0,0,tan
1416,0.7,3,3.25,1,purple
1417,0.72,3,3.75,1,purple
1418,0.7,3,3.25,1,purple
1419,0.73,3,3.5,1,purple
1420,0.72,3,3.5,1,purple
1421,0.7,3,4.0,1,purple
1422,0.7,2,3.5,1,purple
1423,0.7,2,3.0,0,tan
1424,0.7,3,3.75,1,purple
1425,0.72,3,3.0,0,tan
1426,0.7,2,2.75,0,tan
1427,0.7,2,3.0,0,tan
1428,0.7,2,3.25,1,purple
1429,0.7,2,3.0,0,tan
1430,0.7,2,3.0,0,tan
1431,0.7,2,3.0,0,tan
1432,0.7,2,3.75,1,purple
1433,0.75,3,3.25,1,purple
1434,0.75,3,4.0,1,purple
1435,0.7,2,3.75,1,purple
1436,0.71,2,3.0,0,tan
1437,0.75,2,3.5,1,purple
1438,0.68,2,3.75,1,purple
1439,0.7,3,3.0,0,tan
1440,0.7,3,3.25,1,purple
1441,0.72,3,3.5,1,purple
1442,0.7,4,3.0,2,black
1443,0.75,3,3.25,1,purple
1444,0.76,2,2.75,0,tan
1445,0.76,2,3.0,0,tan
1446,0.72,3,3.5,1,purple
1447,0.75,3,3.0,0,tan
1448,0.75,3,3.0,0,tan
1449,0.7,3,3.25,1,purple
1450,0.7,2,3.5,1,purple
1451,0.76,4,3.0,2,black
1452,0.7,4,3.0,2,black
1453,0.72,4,3.0,2,black
1454,0.7,4,3.25,2,black
1455,0.7,3,3.0,0,tan
1456,0.74,3,3.0,0,tan
1457,0.76,3,3.0,0,tan
1458,0.7,3,3.5,1,purple
1459,0.72,3,3.0,0,tan
1460,0.7,3,2.5,0,tan
1461,0.8,3,3.0,0,tan
1462,0.72,3,3.5,1,purple
1463,0.7,3,3.0,0,tan
1464,0.7,3,2.5,0,tan
1465,0.7,3,2.5,0,tan
1466,0.7,3,3.5,1,purple
1467,0.72,2,3.5,1,purple
1468,0.77,3,3.0,0,tan
1469,0.71,2,2.75,0,tan
1470,0.8,2,3.5,1,purple
1471,0.85,2,2.5,0,tan
1472,0.7,2,2.75,0,tan
1473,0.7,2,3.25,1,purple
1474,0.7,2,3.25,1,purple
1475,0.85,2,3.5,0,tan
1476,0.7,3,3.5,1,purple
1477,0.7,3,2.5,0,tan
1478,0.7,4,3.5,2,black
1479,0.63,4,3.5,2,black
1480,0.71,4,3.5,2,black
1481,0.77,4,2.0,0,tan
1482,0.77,4,2.5,0,tan
1483,0.72,3,3.75,1,purple
1484,0.7,3,3.0,0,tan
1485,0.7,3,3.0,0,tan
1486,0.77,3,3.25,0,tan
1487,0.7,4,2.25,2,black
1488,0.72,3,2.75,0,tan
1489,0.65,4,2.75,2,black
1490,0.7,4,3.25,2,black
1491,0.72,3,3.25,1,purple
1492,0.7,3,3.5,1,purple
1493,0.75,4,3.0,2,black
1494,0.73,2,2.5,0,tan
1495,0.65,3,2.75,2,black
1496,0.67,3,2.75,0,tan
1497,0.7,3,3.5,1,purple
1498,0.72,4,3.0,2,black
1499,0.8,4,3.0,0,tan
1500,0.7,2,3.75,1,purple
1501,0.7,2,3.5,1,purple
1502,0.715,3,3.5,1,purple
1503,0.75,2,2.5,0,tan
1504,0.7,2,2.75,0,tan
1505,0.75,2,3.0,0,tan
1506,0.7,3,3.0,0,tan
1507,0.72,3,3.25,1,purple
1508,0.71,2,3.0,0,tan
1509,0.72,4,3.5,2,black
1510,0.72,3,3.75,1,purple
1511,0.73,4,3.25,2,black
1512,0.69,4,3.5,2,black
1513,0.72,4,3.75,2,black
1514,0.6,4,2.0,2,black
1515,0.85,4,2.0,0,tan
1516,0.7,4,3.0,2,black
1517,0.67,4,3.75,2,black
1518,0.65,4,3.75,2,black
1519,0.64,4,3.75,2,black
1520,0.71,5,3.0,2,black
1521,0.6,5,3.0,2,black
1522,0.75,3,3.75,1,purple
1523,0.65,2,3.25,1,purple
1524,0.7,4,2.25,2,black
1525,0.7,4,2.75,2,black
1526,0.65,4,3.0,2,black
1527,0.75,4,3.0,2,black
1528,0.68,3,3.25,1,purple
1529,0.75,4,2.5,0,tan
1530,0.75,4,3.0,2,black
1531,0.71,5,2.5,2,black
1532,0.7,4,3.0,2,black
1533,0.7,4,3.5,2,black
1534,0.8,2,2.75,0,tan
1535,0.75,4,3.0,2,black
1536,0.75,4,3.0,2,black
1537,0.75,4,3.25,2,black
1538,0.75,4,3.5,2,black
1539,0.75,4,3.0,2,black
1540,0.75,4,3.25,2,black
1541,0.75,4,3.5,2,black
1542,0.7,2,3.5,1,purple
1543,0.7,3,3.25,1,purple
1544,0.75,4,3.0,2,black
1545,0.75,4,3.5,2,black
1546,0.8,2,3.5,1,purple
1547,0.68,4,3.75,2,black
1548,0.7,2,2.75,0,tan
1549,0.72,3,3.5,1,purple
1550,0.72,2,3.0,0,tan
1551,0.68,3,3.25,1,purple
1552,0.68,3,3.0,0,tan
1553,0.75,3,2.5,0,tan
1554,0.7,3,3.75,1,purple
1555,0.71,3,3.25,1,purple
1556,0.75,3,2.75,0,tan
1557,0.7,2,3.0,0,tan
1558,0.7,2,3.5,1,purple
1559,0.7,3,2.75,0,tan
1560,0.7,4,3.0,2,black
1561,0.74,2,2.75,0,tan
1562,0.72,2,3.75,1,purple
1563,0.7,4,3.5,2,black
1564,0.7,2,2.5,0,tan
1565,0.7,2,2.75,0,tan
1566,0.7,2,3.0,0,tan
1567,0.7,3,3.25,1,purple
1568,0.7,3,3.5,1,purple
1569,0.7,2,2.75,0,tan
1570,0.74,2,3.0,0,tan
1571,0.73,3,2.5,0,tan
1572,0.73,3,3.0,0,tan
1573,0.7,2,2.75,0,tan
1574,0.7,2,3.5,1,purple
1575,0.72,3,3.0,0,tan
1576,0.75,4,2.75,2,black
1577,0.82,4,2.5,0,tan
1578,0.77,4,2.75,0,tan
1579,0.85,3,3.5,0,tan
1580,0.7,3,3.0,0,tan
1581,0.72,2,3.75,1,purple
1582,0.73,3,3.0,0,tan
1583,0.76,3,3.25,0,tan
1584,0.72,4,3.0,2,black
1585,0.65,4,3.75,2,black
1586,0.76,3,3.75,1,purple
1587,0.76,3,3.5,1,purple
1588,0.75,3,2.75,0,tan
1589,0.7,3,3.5,1,purple
1590,0.67,3,2.75,0,tan
1591,0.7,3,3.0,0,tan
1592,0.7,3,3.5,1,purple
1593,0.73,3,3.5,1,purple
1594,0.74,2,3.25,1,purple
1595,0.7,2,3.25,1,purple
1596,0.7,2,3.25,1,purple
1597,0.7,2,3.5,1,purple
1598,0.73,2,3.5,1,purple
1599,0.7,3,3.5,1,purple
1600,0.68,3,3.25,1,purple
1601,0.7,2,3.0,0,tan
1602,0.7,2,3.5,1,purple
1603,0.7,3,2.5,0,tan
1604,0.74,3,3.0,0,tan
1605,0.7,3,3.5,1,purple
1606,0.7,3,2.75,0,tan
1607,0.7,3,3.25,1,purple
1608,0.7,3,3.25,1,purple
1609,0.74,3,3.5,1,purple
1610,0.7,3,3.0,0,tan
1611,0.85,4,2.5,0,tan
1612,0.85,4,2.75,0,tan
1613,0.85,4,3.0,0,tan
1614,0.7,3,3.0,0,tan
1615,0.65,3,3.25,1,purple
1616,0.73,3,3.25,1,purple
1617,0.7,3,2.75,0,tan
1618,0.75,3,3.0,0,tan
1619,0.7,3,3.0,0,tan
1620,0.7,3,3.25,1,purple
1621,0.7,3,3.25,1,purple
1622,0.7,3,3.0,0,tan
1623,0.7,2,3.0,0,tan
1624,0.7,2,2.75,0,tan
1625,0.7,2,2.75,0,tan
1626,0.7,2,3.0,0,tan
1627,0.7,2,3.25,1,purple
1628,0.7,2,3.25,1,purple
1629,0.7,2,3.75,1,purple
1630,0.68,4,3.75,2,black
1631,0.7,3,3.75,1,purple
1632,0.7,2,3.25,1,purple
1633,0.7,2,3.75,1,purple
1634,0.67,4,3.75,2,black
1635,0.73,3,3.25,1,purple
1636,0.75,3,3.25,1,purple
1637,0.7,2,3.25,1,purple
1638,0.72,3,3.0,0,tan
1639,0.68,3,3.25,1,purple
1640,0.67,3,3.5,1,purple
1641,0.7,3,4.0,1,purple
1642,0.75,3,3.25,1,purple
1643,0.72,4,2.75,2,black
1644,0.72,4,2.75,2,black
1645,0.72,4,3.0,2,black
1646,0.7,2,3.25,1,purple
1647,0.75,3,3.5,1,purple
1648,0.75,2,3.75,1,purple
1649,0.67,2,4.0,1,purple
1650,0.72,3,3.25,1,purple
1651,0.7,2,3.25,1,purple
1652,0.7,2,3.5,1,purple
1653,0.7,2,3.5,1,purple
1654,0.75,3,3.0,0,tan
1655,1.0,3,1.0,0,tan
1656,0.71,4,2.75,2,black
1657,0.72,4,3.0,2,black
1658,0.73,2,3.25,1,purple
1659,0.72,2,3.5,1,purple
1660,0.7,3,3.5,1,purple
1661,0.75,3,3.5,1,purple
1662,0.7,2,3.25,1,purple
1663,0.7,2,3.25,1,purple
1664,0.7,3,3.25,1,purple
1665,0.7,3,3.5,1,purple
1666,0.7,3,3.0,0,tan
1667,0.7,3,3.0,0,tan
1668,0.7,3,3.25,1,purple
1669,0.7,2,3.75,1,purple
1670,0.7,2,3.5,1,purple
1671,0.7,2,3.75,1,purple
1672,0.7,2,3.0,0,tan
1673,0.7,2,3.0,0,tan
1674,0.72,2,2.5,0,tan
1675,0.72,2,3.0,0,tan
1676,0.72,2,3.0,0,tan
1677,0.75,2,3.75,1,purple
1678,0.75,2,3.75,1,purple
1679,0.68,3,3.0,0,tan
1680,0.62,3,3.0,2,black
1681,0.68,3,3.5,1,purple
1682,0.72,3,3.0,0,tan
1683,0.8,3,3.25,0,tan
1684,0.7,2,3.5,1,purple
1685,0.7,2,4.0,1,purple
1686,0.77,2,3.25,0,tan
1687,0.7,2,3.25,1,purple
1688,0.7,2,3.5,1,purple
1689,0.7,2,3.0,0,tan
1690,0.68,4,3.75,2,black
1691,0.75,3,3.75,1,purple
1692,0.7,3,4.0,1,purple
1693,0.75,2,3.75,1,purple
1694,0.7,4,3.25,2,black
1695,0.7,4,3.25,2,black
1696,0.7,4,3.5,2,black
1697,0.7,4,3.75,2,black
1698,0.7,2,3.0,0,tan
1699,0.7,3,2.75,0,tan
1700,0.7,3,2.75,0,tan
1701,0.7,3,3.0,0,tan
1702,0.7,3,3.5,1,purple
1703,0.7,3,3.75,1,purple
1704,0.72,4,3.25,2,black
1705,0.72,4,3.25,2,black
1706,0.75,3,2.75,0,tan
1707,0.7,2,3.75,1,purple
1708,0.72,4,3.5,2,black
1709,0.67,3,2.75,0,tan
1710,0.74,3,3.0,0,tan
1711,0.9,3,3.0,0,tan
1712,0.65,3,3.0,2,black
1713,0.7,2,3.5,1,purple
1714,0.7,4,3.75,2,black
1715,0.68,4,2.5,2,black
1716,0.72,4,3.0,2,black
1717,0.72,4,3.5,2,black
1718,0.75,2,2.75,0,tan
1719,0.75,2,3.0,0,tan
1720,0.7,3,3.5,1,purple
1721,0.75,2,3.5,1,purple
1722,1.0,1,3.0,0,tan
1723,0.7,2,3.25,1,purple
1724,0.71,3,2.75,0,tan
1725,0.76,3,3.0,0,tan
1726,0.75,2,3.0,0,tan
1727,0.75,2,3.25,1,purple
1728,0.75,3,3.0,0,tan
1729,0.66,3,3.0,2,black
1730,0.65,5,3.0,2,black
1731,0.91,4,1.5,0,tan
1732,0.7,3,2.75,0,tan
1733,0.7,2,3.5,1,purple
1734,0.72,3,3.25,1,purple
1735,0.72,3,3.25,1,purple
1736,0.7,3,3.75,1,purple
1737,0.7,2,3.5,1,purple
1738,0.7,2,3.25,1,purple
1739,0.7,2,3.5,1,purple
1740,0.72,3,2.75,0,tan
1741,0.72,3,2.75,0,tan
1742,0.72,3,3.25,1,purple
1743,0.73,2,3.25,1,purple
1744,0.7,3,3.75,1,purple
1745,0.7,2,2.75,0,tan
1746,0.7,2,2.75,0,tan
1747,0.7,2,3.25,1,purple
1748,0.7,2,3.5,1,purple
1749,0.68,3,3.0,0,tan
1750,0.77,2,3.25,0,tan
1751,0.7,3,3.25,1,purple
1752,0.8,3,3.25,0,tan
1753,0.7,3,3.5,1,purple
1754,0.7,2,3.5,1,purple
1755,0.7,2,4.0,1,purple
1756,0.7,2,2.75,0,tan
1757,0.7,2,3.25,1,purple
1758,0.7,2,3.5,1,purple
1759,0.8,2,3.5,1,purple
1760,0.72,3,3.5,1,purple
1761,0.7,3,3.25,1,purple
1762,0.7,3,3.5,1,purple
1763,0.7,3,3.5,1,purple
1764,0.7,2,3.75,1,purple
1765,0.74,2,3.75,1,purple
1766,0.72,3,3.75,1,purple
1767,0.73,2,3.75,1,purple
1768,0.74,3,3.5,1,purple
1769,0.72,3,3.5,1,purple
1770,0.7,3,3.0,0,tan
1771,0.7,3,3.25,1,purple
1772,0.75,4,2.5,0,tan
1773,0.66,4,3.75,2,black
1774,0.7,3,3.25,1,purple
1775,0.7,3,3.25,1,purple
1776,0.7,3,3.5,1,purple
1777,0.79,3,3.5,1,purple
1778,0.72,3,3.0,0,tan
1779,0.72,3,3.0,0,tan
1780,0.77,3,3.5,1,purple
1781,0.8,3,3.75,1,purple
1782,0.7,3,3.5,1,purple
1783,0.7,3,3.5,1,purple
1784,0.75,2,3.5,1,purple
1785,0.75,2,3.75,1,purple
1786,0.68,3,3.25,1,purple
1787,0.68,3,3.5,1,purple
1788,0.7,2,3.0,0,tan
1789,0.7,2,3.25,1,purple
1790,0.7,3,3.5,1,purple
1791,0.7,3,3.75,1,purple
1792,0.68,3,4.0,1,purple
1793,0.7,2,3.25,1,purple
1794,0.7,3,2.75,0,tan
1795,0.7,3,3.75,1,purple
1796,0.7,4,4.0,1,purple
1797,0.7,4,3.5,2,black
1798,0.7,3,3.25,1,purple
1799,0.73,3,3.0,0,tan
1800,0.73,3,3.25,1,purple
1801,0.7,3,3.5,1,purple
1802,0.72,3,3.5,1,purple
1803,0.7,2,3.0,0,tan
1804,0.7,2,3.75,1,purple
1805,0.72,2,4.0,1,purple
1806,1.0,4,2.0,0,tan
1807,0.7,4,3.5,2,black
1808,0.55,4,3.0,2,black
1809,0.72,2,3.5,1,purple
1810,0.75,2,3.25,1,purple
1811,0.7,2,3.5,1,purple
1812,0.7,3,3.5,1,purple
1813,0.72,3,3.75,1,purple
1814,0.7,2,2.5,0,tan
1815,0.7,2,3.25,1,purple
1816,0.7,3,3.0,0,tan
1817,0.7,2,3.25,1,purple
1818,0.77,2,2.75,0,tan
1819,0.83,3,3.25,0,tan
1820,0.69,3,3.25,1,purple
1821,0.7,2,2.5,0,tan
1822,0.7,2,3.0,0,tan
1823,0.72,3,3.75,1,purple
1824,0.7,3,3.0,0,tan
1825,0.7,3,3.25,1,purple
1826,0.75,3,3.5,1,purple
1827,0.7,3,3.0,0,tan
1828,0.72,3,3.25,1,purple
1829,0.76,3,3.5,1,purple
1830,0.75,3,2.75,0,tan
1831,0.75,3,3.25,1,purple
1832,0.62,4,3.25,2,black
1833,0.7,2,3.25,1,purple
1834,0.7,2,3.5,1,purple
1835,0.7,2,3.5,1,purple
1836,0.68,3,3.25,1,purple
1837,0.72,3,4.0,1,purple
1838,0.7,3,2.5,0,tan
1839,0.7,3,2.5,0,tan
1840,0.75,3,3.5,1,purple
1841,0.85,4,3.0,0,tan
1842,0.55,4,3.25,2,black
1843,0.55,4,3.5,2,black
1844,0.72,3,3.5,1,purple
1845,0.7,3,3.5,1,purple
1846,0.75,3,3.5,1,purple
1847,0.7,3,3.25,1,purple
1848,0.73,3,3.5,1,purple
1849,0.7,3,3.0,0,tan
1850,0.7,2,3.25,1,purple
1851,0.78,3,3.25,0,tan
1852,0.72,4,3.5,2,black
1853,0.7,3,4.0,1,purple
1854,0.7,3,3.0,0,tan
1855,0.7,3,2.75,0,tan
1856,0.7,3,3.5,1,purple
1857,0.7,3,3.5,1,purple
1858,0.8,2,3.0,0,tan
1859,0.7,2,3.5,1,purple
1860,0.74,3,3.0,0,tan
1861,0.74,3,3.25,1,purple
1862,0.7,3,3.25,1,purple
1863,0.7,3,3.5,1,purple
1864,0.7,3,3.5,1,purple
1865,0.7,3,3.75,1,purple
1866,0.72,2,3.5,1,purple
1867,0.72,2,3.5,1,purple
1868,0.8,3,3.25,0,tan
1869,0.72,3,3.0,0,tan
1870,0.72,3,3.5,1,purple
1871,0.7,4,2.75,2,black
1872,0.7,2,3.0,0,tan
1873,0.78,2,3.5,1,purple
1874,0.7,2,3.75,1,purple
1875,0.7,3,3.5,1,purple
1876,0.64,3,3.5,1,purple
1877,0.64,3,3.75,1,purple
1878,0.72,2,3.5,1,purple
1879,0.72,2,3.0,0,tan
1880,0.72,2,3.5,1,purple
1881,0.7,3,3.25,1,purple
1882,0.7,3,3.5,1,purple
1883,0.7,3,3.0,0,tan
1884,0.7,3,3.0,0,tan
1885,0.7,3,3.5,1,purple
1886,0.7,3,3.75,1,purple
1887,0.72,4,2.5,2,black
1888,0.72,3,3.0,0,tan
1889,0.71,3,3.25,1,purple
1890,0.63,3,3.0,2,black
1891,0.7,2,3.5,1,purple
1892,0.65,3,3.25,1,purple
1893,0.72,3,3.0,0,tan
1894,0.65,3,2.75,2,black
1895,0.75,3,2.5,0,tan
1896,0.74,3,2.75,0,tan
1897,0.65,3,2.5,0,tan
1898,0.7,3,2.75,0,tan
1899,0.74,4,3.0,2,black
1900,0.78,3,3.5,1,purple
1901,0.73,4,3.5,2,black
1902,0.7,3,3.0,0,tan
1903,0.7,2,3.25,1,purple
1904,0.7,2,3.5,1,purple
1905,0.7,2,3.5,1,purple
1906,0.7,2,3.5,1,purple
1907,0.68,2,3.25,1,purple
1908,0.75,2,2.75,0,tan
1909,0.7,2,3.25,1,purple
1910,0.7,2,3.25,1,purple
1911,0.64,2,2.75,0,tan
1912,0.68,2,3.25,1,purple
1913,0.68,2,3.5,1,purple
1914,0.7,2,3.25,1,purple
1915,0.64,5,3.0,2,black
1916,0.65,5,3.5,2,black
1917,0.67,2,3.0,1,purple
1918,0.7,2,3.0,0,tan
1919,0.7,2,3.5,1,purple
1920,0.7,2,3.75,1,purple
1921,0.72,4,3.5,2,black
1922,0.72,4,3.5,2,black
1923,0.72,4,4.0,1,purple
1924,0.77,3,4.0,1,purple
1925,0.7,3,4.0,1,purple
1926,0.72,3,3.5,1,purple
1927,0.72,3,3.75,1,purple
1928,0.72,3,3.75,1,purple
1929,0.73,3,3.25,1,purple
1930,0.73,3,3.75,1,purple
1931,0.73,3,3.75,1,purple
1932,0.72,3,3.75,1,purple
1933,0.66,3,3.0,2,black
1934,0.65,3,2.75,2,black
1935,0.72,2,3.25,1,purple
1936,0.72,3,3.0,0,tan
1937,0.76,3,3.25,0,tan
1938,0.7,3,2.5,0,tan
1939,0.75,3,2.5,0,tan
1940,0.75,3,3.5,1,purple
1941,0.7,3,3.0,0,tan
1942,0.7,3,3.5,1,purple
1943,0.7,3,3.5,1,purple
1944,0.7,3,3.75,1,purple
1945,0.7,3,3.5,1,purple
1946,0.7,3,2.75,0,tan
1947,0.7,3,3.25,1,purple
1948,0.7,3,3.5,1,purple
1949,0.72,3,2.5,0,tan
1950,0.7,3,2.75,0,tan
1951,0.72,3,3.0,0,tan
1952,0.7,3,3.75,1,purple
1953,0.7,3,3.25,1,purple
1954,0.7,3,3.25,1,purple
1955,0.72,3,3.25,1,purple
1956,0.7,3,3.5,1,purple
1957,0.75,4,2.0,0,tan
1958,0.75,4,3.5,2,black
1959,0.7,5,2.5,2,black
1960,0.7,5,2.75,2,black
1961,0.7,3,3.0,0,tan
1962,0.7,3,3.25,1,purple
1963,0.62,3,3.25,1,purple
1964,0.7,3,3.5,1,purple
1965,0.7,2,3.0,0,tan
1966,0.7,2,3.5,1,purple
1967,0.7,3,3.0,0,tan
1968,0.7,3,3.5,1,purple
1969,0.82,3,3.25,0,tan
1970,0.8,3,3.75,1,purple
1971,0.78,2,2.75,0,tan
1972,0.78,2,3.0,0,tan
1973,0.69,3,3.0,0,tan
1974,0.75,3,3.0,0,tan
1975,0.7,3,3.0,0,tan
1976,0.7,2,2.5,0,tan
1977,0.685,3,3.0,0,tan
1978,0.7,2,3.5,1,purple
1979,0.75,3,3.5,1,purple
1980,0.75,3,3.5,1,purple
1981,0.7,3,3.5,1,purple
1982,0.75,3,3.5,1,purple
1983,0.72,3,3.5,1,purple
1984,0.72,3,3.5,1,purple
1985,0.75,3,3.0,0,tan
1986,0.7,3,3.0,0,tan
1987,0.7,3,3.5,1,purple
1988,0.75,2,2.5,0,tan
1989,0.72,3,3.5,1,purple
1990,0.7,2,2.75,0,tan
1991,0.7,3,3.0,0,tan
1992,0.8,2,3.25,0,tan
1993,0.7,3,3.5,1,purple
1994,0.72,3,3.0,0,tan
1995,0.75,3,2.75,0,tan
1996,0.75,3,3.25,1,purple
1997,0.7,3,3.5,1,purple
1998,0.6,2,3.0,1,purple
1999,0.75,2,3.0,0,tan
2000,0.7,2,3.5,1,purple
2001,0.67,5,3.5,2,black
2002,0.7,5,3.75,2,black
2003,0.63,5,4.0,2,black
2004,0.7,5,2.5,2,black
2005,0.73,2,3.25,1,purple
2006,0.75,5,3.5,2,black
2007,0.7,4,3.5,2,black
2008,0.7,4,3.5,2,black
2009,0.7,4,3.5,2,black
2010,0.7,4,3.5,2,black
2011,0.8,4,2.75,0,tan
2012,0.72,4,3.25,2,black
2013,0.7,4,3.75,2,black
2014,0.8,3,2.5,0,tan
2015,0.75,4,2.75,2,black
2016,0.6,4,2.75,2,black
2017,0.88,4,2.75,0,tan
2018,0.72,4,3.0,2,black
2019,0.75,4,2.0,0,tan
2020,0.72,3,3.75,1,purple
2021,0.75,5,2.0,2,black
2022,0.88,3,3.0,0,tan
2023,0.7,4,2.75,2,black
2024,0.7,4,3.0,2,black
2025,0.7,5,3.25,2,black
2026,0.7,5,3.75,2,black
2027,0.55,5,2.75,2,black
2028,0.7,3,3.75,1,purple
2029,0.55,5,3.0,2,black
2030,0.6,5,3.0,2,black
2031,0.77,2,3.25,0,tan
2032,0.7,3,3.0,0,tan
2033,0.75,4,3.75,1,purple
2034,0.53,5,2.0,2,black
2035,0.65,5,3.0,2,black
2036,0.7,5,3.75,2,black
2037,0.75,3,3.75,1,purple
2038,0.7,5,2.75,2,black
2039,0.72,4,2.75,2,black
2040,0.7,2,3.0,0,tan
2041,0.75,3,2.5,0,tan
2042,0.7,2,3.5,1,purple
2043,0.64,5,3.75,2,black
2044,0.7,2,2.75,0,tan
2045,0.77,2,3.75,1,purple
2046,0.7,3,3.0,0,tan
2047,0.75,3,4.0,1,purple
2048,0.75,3,3.0,0,tan
2049,0.68,5,3.75,2,black
2050,0.65,5,4.0,2,black
2051,0.75,3,2.75,0,tan
2052,0.75,3,3.0,0,tan
2053,0.7,4,4.0,1,purple
2054,0.75,3,3.0,0,tan
2055,0.68,3,3.25,1,purple
2056,1.0,4,1.5,0,tan
2057,0.72,3,3.0,0,tan
2058,0.68,4,3.25,2,black
2059,0.69,4,3.5,2,black
2060,0.7,4,4.0,1,purple
2061,0.64,4,3.0,2,black
2062,0.64,4,3.0,2,black
2063,0.64,4,3.0,2,black
2064,0.76,4,3.0,2,black
2065,0.64,4,3.25,2,black
2066,0.75,3,2.5,0,tan
2067,0.72,3,2.75,0,tan
2068,0.6,5,2.75,2,black
2069,0.72,3,1.75,0,tan
2070,0.8,3,3.0,0,tan
2071,0.75,3,3.0,0,tan
2072,0.72,3,3.25,1,purple
2073,0.7,4,3.0,2,black
2074,0.8,3,2.75,0,tan
2075,0.7,3,3.0,0,tan
2076,0.7,3,3.25,1,purple
2077,0.65,3,3.5,1,purple
2078,0.66,5,3.75,2,black
2079,0.55,4,2.75,2,black
2080,0.7,4,3.0,2,black
2081,0.7,3,3.0,0,tan
2082,0.7,3,3.5,1,purple
2083,0.8,4,2.5,0,tan
2084,0.7,4,2.75,2,black
2085,0.7,4,3.0,2,black
2086,0.8,4,3.0,0,tan
2087,0.7,4,3.0,2,black
2088,0.91,5,3.0,0,tan
2089,0.7,5,3.5,2,black
2090,0.65,3,3.75,1,purple
2091,0.7,3,3.0,0,tan
2092,0.7,3,3.5,1,purple
2093,0.7,3,3.75,1,purple
2094,0.7,3,3.75,1,purple
2095,0.6,5,2.75,2,black
2096,0.68,5,3.0,2,black
2097,0.68,5,3.5,2,black
2098,0.75,3,3.0,0,tan
2099,0.75,4,3.0,2,black
2100,0.68,5,2.0,2,black
2101,0.7,4,2.75,2,black
2102,0.75,3,2.75,0,tan
2103,0.72,3,2.75,0,tan
2104,0.76,4,2.75,0,tan
2105,0.8,4,2.75,0,tan
2106,0.7,4,3.0,2,black
2107,0.68,4,3.0,2,black
2108,0.64,4,3.25,2,black
2109,0.72,4,2.75,2,black
2110,0.8,4,2.0,0,tan
2111,0.8,2,2.5,0,tan
2112,0.72,2,3.0,0,tan
2113,0.58,4,3.25,2,black
2114,0.58,4,3.5,2,black
2115,0.72,5,3.0,2,black
2116,0.7,5,3.0,2,black
2117,0.75,2,3.0,0,tan
2118,0.65,2,3.5,1,purple
2119,0.65,4,2.0,2,black
2120,0.8,4,2.75,0,tan
2121,0.75,2,3.25,1,purple
2122,0.75,4,3.0,2,black
2123,0.6,4,3.25,2,black
2124,0.64,4,3.0,2,black
2125,0.81,4,3.5,1,purple
2126,0.7,2,2.5,0,tan
2127,0.7,2,2.75,0,tan
2128,0.7,2,3.5,1,purple
2129,0.75,2,3.75,1,purple
2130,0.72,5,2.0,2,black
2131,0.64,5,3.5,2,black
2132,0.65,2,3.5,1,purple
2133,0.74,4,2.75,2,black
2134,0.6,4,3.0,2,black
2135,0.67,3,3.5,1,purple
2136,0.7,3,3.5,1,purple
2137,0.75,4,2.5,0,tan
2138,0.6,4,3.25,2,black
2139,0.75,4,3.25,2,black
2140,0.605,5,2.75,2,black
2141,0.7,5,3.0,2,black
2142,0.6,4,3.75,2,black
2143,0.72,5,3.0,2,black
2144,0.72,5,3.75,2,black
2145,0.61,5,3.0,2,black
2146,0.62,3,3.25,1,purple
2147,0.68,5,3.0,2,black
2148,0.75,4,2.0,0,tan
2149,0.75,3,2.75,0,tan
2150,0.7,3,3.5,1,purple
2151,0.7,3,3.75,1,purple
2152,0.67,3,2.75,0,tan
2153,0.75,3,3.0,0,tan
2154,0.7,3,3.0,0,tan
2155,0.72,3,3.25,1,purple
2156,0.68,5,3.5,2,black
2157,0.65,5,3.75,2,black
2158,0.85,2,2.75,0,tan
2159,0.85,2,3.0,0,tan
2160,0.7,5,2.75,2,black
2161,0.735,2,3.75,1,purple
2162,0.72,3,3.25,1,purple
2163,0.7,2,3.0,0,tan
2164,0.7,4,3.75,2,black
2165,0.7,4,4.0,1,purple
2166,0.7,5,2.5,2,black
2167,0.75,5,3.0,2,black
2168,0.75,5,3.25,2,black
2169,0.75,2,3.25,1,purple
2170,0.71,4,3.25,2,black
2171,0.71,4,3.5,2,black
2172,0.7,3,3.0,0,tan
2173,0.75,3,4.0,1,purple
2174,0.7,4,1.0,0,tan
2175,0.64,5,3.0,2,black
2176,0.65,5,3.0,2,black
2177,0.72,5,3.5,2,black
2178,1.0,3,1.75,0,tan
2179,0.72,3,3.0,0,tan
2180,0.72,3,3.0,0,tan
2181,0.75,4,3.5,2,black
2182,0.65,4,3.0,2,black
2183,0.55,3,2.75,2,black
2184,0.77,3,2.75,0,tan
2185,0.82,5,3.25,2,black
2186,0.75,4,3.25,2,black
2187,0.58,5,3.5,2,black
2188,0.71,5,2.0,2,black
2189,0.55,5,3.5,2,black
2190,0.68,3,3.0,0,tan
2191,0.68,3,3.25,1,purple
2192,0.7,2,3.75,1,purple
2193,0.75,2,2.5,0,tan
2194,0.75,2,2.75,0,tan
2195,0.75,4,2.75,2,black
2196,0.7,3,3.25,1,purple
2197,0.74,3,3.25,1,purple
2198,0.64,3,3.5,1,purple
2199,0.72,3,3.5,1,purple
2200,0.71,4,3.5,2,black
2201,0.75,4,2.75,2,black
2202,0.78,5,3.75,2,black
2203,0.7,3,3.5,1,purple
2204,0.72,3,3.75,1,purple
2205,0.71,4,3.75,2,black
2206,0.71,4,4.0,1,purple
2207,0.7,3,2.5,0,tan
2208,0.7,3,3.75,1,purple
2209,0.7,4,2.0,0,tan
2210,0.72,3,3.75,1,purple
2211,0.7,5,2.5,2,black
2212,0.85,5,3.0,2,black
2213,0.65,3,3.0,2,black
2214,0.71,4,3.25,2,black
2215,0.71,4,3.5,2,black
2216,0.77,4,3.5,2,black
2217,0.65,3,3.0,2,black
2218,0.65,3,3.25,1,purple
2219,0.65,3,3.5,1,purple
2220,0.7,4,3.0,2,black
2221,0.65,5,3.0,2,black
2222,0.7,3,2.75,0,tan
2223,0.7,3,3.0,0,tan
2224,0.46,5,2.75,2,black
2225,0.6,5,3.0,2,black
2226,0.58,5,3.0,2,black
2227,0.65,5,3.5,2,black
2228,0.55,3,2.25,2,black
2229,0.65,2,2.75,0,tan
2230,0.72,3,2.5,0,tan
2231,0.72,3,3.0,0,tan
2232,0.72,3,3.25,1,purple
2233,0.72,3,3.25,1,purple
2234,0.7,5,2.0,2,black
2235,0.62,5,3.0,2,black
2236,0.68,5,4.0,2,black
2237,0.75,4,3.0,2,black
2238,0.75,2,3.75,1,purple
2239,0.7,2,3.0,0,tan
2240,0.78,2,3.0,0,tan
2241,0.8,3,3.25,0,tan
2242,0.75,2,2.75,0,tan
2243,0.85,4,2.75,0,tan
2244,0.5,4,3.75,2,black
2245,0.75,4,3.75,1,purple
2246,0.6,4,4.0,2,black
2247,0.81,2,2.75,0,tan
2248,0.75,2,3.0,0,tan
2249,0.7,2,3.25,1,purple
2250,0.75,5,3.25,2,black
2251,0.74,5,3.75,2,black
2252,0.7,4,3.25,2,black
2253,0.64,4,2.75,2,black
2254,0.64,4,2.75,2,black
2255,0.64,4,2.75,2,black
2256,0.71,4,3.5,2,black
2257,0.7,5,3.0,2,black
2258,0.71,3,3.0,0,tan
2259,0.72,3,3.5,1,purple
2260,0.69,3,3.75,1,purple
2261,0.71,5,3.0,2,black
2262,0.7,4,2.75,2,black
2263,0.72,3,3.25,1,purple
2264,0.72,3,3.25,1,purple
2265,0.72,3,3.5,1,purple
2266,0.75,2,2.25,0,tan
2267,0.72,4,2.75,2,black
2268,0.77,3,2.75,0,tan
2269,0.67,3,2.75,0,tan
2270,0.82,2,3.75,1,purple
2271,0.64,3,3.5,1,purple
2272,0.7,3,3.75,1,purple
2273,1.0,3,1.5,0,tan
2274,0.7,3,3.0,0,tan
2275,0.72,3,3.5,1,purple
2276,0.72,3,3.5,1,purple
2277,0.7,3,3.25,1,purple
2278,0.7,3,3.5,1,purple
2279,0.7,3,3.5,1,purple
2280,0.8,4,3.0,0,tan
2281,0.65,4,3.0,2,black
2282,0.65,4,3.25,2,black
2283,0.72,3,3.75,1,purple
2284,0.75,3,3.5,1,purple
2285,0.75,3,3.5,1,purple
2286,0.75,3,3.5,1,purple
2287,0.75,3,3.75,1,purple
2288,0.75,3,4.0,1,purple
2289,0.75,3,4.0,1,purple
2290,0.66,5,3.0,2,black
2291,0.7,5,3.75,2,black
2292,0.7,3,1.5,0,tan
2293,0.74,3,2.75,0,tan
2294,0.7,3,3.75,1,purple
2295,0.64,3,3.0,2,black
2296,0.88,3,3.0,0,tan
2297,0.72,3,3.5,1,purple
2298,0.72,3,4.0,1,purple
2299,0.75,4,3.75,1,purple
2300,0.72,2,3.0,0,tan
2301,0.66,2,3.75,1,purple
2302,0.7,3,3.25,1,purple
2303,0.72,3,3.5,1,purple
2304,0.7,3,3.5,1,purple
2305,0.72,2,3.75,1,purple
2306,0.7,2,3.5,1,purple
2307,0.7,4,3.75,2,black
2308,0.65,2,3.25,1,purple
2309,0.7,2,3.75,1,purple
2310,0.68,2,3.75,1,purple
2311,0.72,5,2.75,2,black
2312,0.61,5,3.25,2,black
2313,0.72,5,3.25,2,black
2314,0.7,2,3.0,0,tan
2315,0.7,2,3.25,1,purple
2316,0.7,2,3.25,1,purple
2317,0.7,2,3.25,1,purple
2318,0.7,2,2.75,0,tan
2319,0.7,2,2.75,0,tan
2320,0.7,2,3.75,1,purple
2321,0.6,4,3.5,2,black
2322,0.8,2,2.75,0,tan
2323,0.65,3,3.5,1,purple
2324,0.68,3,3.75,1,purple
2325,0.55,4,2.5,2,black
2326,0.55,4,2.5,2,black
2327,0.7,4,2.5,2,black
2328,0.62,4,2.75,2,black
2329,0.7,4,2.5,2,black
2330,0.72,2,3.5,1,purple
2331,0.75,3,3.5,1,purple
2332,0.7,4,3.5,2,black
2333,0.62,4,2.5,2,black
2334,0.7,3,2.75,0,tan
2335,0.7,3,3.5,1,purple
2336,0.7,3,4.0,1,purple
2337,0.64,3,4.0,1,purple
2338,0.74,3,2.75,0,tan
2339,0.72,3,3.25,1,purple
2340,0.74,5,3.75,2,black
2341,0.7,3,3.75,1,purple
2342,0.65,3,3.25,1,purple
2343,0.75,2,2.75,0,tan
2344,0.74,3,3.0,0,tan
2345,0.76,5,2.0,2,black
2346,0.76,5,2.75,2,black
2347,0.85,5,2.75,0,tan
2348,0.85,5,3.0,2,black
2349,0.7,3,3.5,1,purple
2350,0.7,4,2.75,2,black
2351,0.8,4,2.75,0,tan
2352,0.67,3,1.5,0,tan
2353,0.7,2,3.5,1,purple
2354,0.68,4,3.5,2,black
2355,0.72,3,3.0,0,tan
2356,0.71,3,3.25,1,purple
2357,0.7,3,3.0,0,tan
2358,0.76,2,3.0,0,tan
2359,0.66,4,3.5,2,black
2360,0.72,4,3.75,2,black
2361,0.6,3,2.75,2,black
2362,0.8,3,3.25,0,tan
2363,0.88,3,3.5,0,tan
2364,0.72,3,3.5,1,purple
2365,0.7,2,3.0,0,tan
2366,0.63,4,3.75,2,black
2367,0.56,5,3.25,2,black
2368,0.75,4,3.75,1,purple
2369,0.6,4,3.25,2,black
2370,0.81,2,2.75,0,tan
2371,0.73,3,3.5,1,purple
2372,0.73,4,2.0,0,tan
2373,0.75,4,3.25,2,black
2374,0.71,3,2.5,0,tan
2375,0.7,3,3.5,1,purple
2376,0.67,4,3.0,2,black
2377,0.72,3,2.5,0,tan
2378,0.7,3,1.5,0,tan
2379,0.7,4,3.5,2,black
2380,0.73,4,2.5,2,black
2381,0.72,3,3.75,1,purple
2382,0.72,3,3.75,1,purple
2383,0.65,4,3.25,2,black
2384,0.7,4,4.0,1,purple
2385,0.72,3,3.25,1,purple
2386,0.72,3,4.0,1,purple
2387,0.6,4,3.25,2,black
2388,0.72,4,3.25,2,black
2389,0.72,3,3.75,1,purple
2390,0.74,3,4.0,1,purple
2391,0.66,3,3.75,1,purple
2392,0.72,2,2.5,0,tan
2393,0.72,3,3.5,1,purple
2394,0.7,3,4.0,1,purple
2395,0.72,3,4.0,1,purple
2396,0.72,3,4.0,1,purple
2397,0.72,5,3.0,2,black
2398,0.68,4,3.5,2,black
2399,0.68,4,3.0,2,black
2400,0.7,2,4.0,1,purple
2401,0.76,3,3.25,0,tan
2402,0.7,3,4.0,1,purple
2403,0.72,3,2.75,0,tan
2404,0.75,2,3.5,1,purple
2405,0.65,4,3.0,2,black
2406,0.65,4,3.5,2,black
2407,0.78,2,2.25,0,tan
2408,0.66,4,3.75,2,black
2409,0.64,5,2.5,2,black
2410,0.64,5,3.0,2,black
2411,0.64,5,3.5,2,black
2412,0.75,3,3.75,1,purple
2413,0.66,3,3.25,1,purple
2414,0.72,4,3.5,2,black
2415,0.73,2,2.75,0,tan
2416,0.75,3,3.5,1,purple
2417,0.72,3,4.0,1,purple
2418,0.64,5,4.0,2,black
2419,0.7,2,3.5,1,purple
2420,0.7,5,2.75,2,black
2421,0.7,3,3.0,0,tan
2422,0.75,3,3.25,1,purple
2423,0.77,3,2.75,0,tan
2424,0.7,2,2.5,0,tan
2425,0.71,3,3.5,1,purple
2426,0.7,2,3.5,1,purple
2427,0.74,2,3.0,0,tan
2428,0.7,2,3.25,1,purple
2429,0.7,2,3.5,1,purple
2430,0.72,3,3.75,1,purple
2431,0.71,2,2.75,0,tan
2432,0.75,2,3.0,0,tan
2433,0.73,2,3.25,1,purple
2434,0.74,2,3.75,1,purple
2435,0.7,2,3.5,1,purple
2436,0.7,3,3.0,0,tan
2437,0.68,5,3.75,2,black
2438,0.62,4,3.25,2,black
2439,0.65,2,3.5,1,purple
2440,0.85,3,3.5,0,tan
2441,0.87,3,3.25,0,tan
2442,0.7,5,3.25,2,black
2443,0.7,2,2.75,0,tan
2444,0.7,2,3.5,1,purple
2445,0.72,3,2.75,0,tan
2446,0.74,3,3.0,0,tan
2447,0.75,2,3.0,0,tan
2448,0.7,4,3.0,2,black
2449,0.8,4,3.0,0,tan
2450,0.75,4,3.25,2,black
2451,0.63,4,3.75,2,black
2452,0.55,5,2.75,2,black
2453,0.7,4,3.5,2,black
2454,0.7,4,2.75,2,black
2455,0.7,4,3.0,2,black
2456,0.72,4,3.5,2,black
2457,0.65,4,3.5,2,black
2458,0.7,4,3.0,2,black
2459,0.7,4,3.5,2,black
2460,0.7,2,3.0,0,tan
2461,0.7,2,3.25,1,purple
2462,0.66,4,3.5,2,black
2463,0.84,3,2.5,0,tan
2464,0.8,2,3.0,0,tan
2465,0.99,4,2.0,0,tan
2466,0.72,5,4.0,2,black
2467,1.0,4,1.5,0,tan
2468,0.75,3,3.0,0,tan
2469,0.75,3,4.0,1,purple
2470,0.83,4,2.75,0,tan
2471,0.69,4,3.25,2,black
2472,0.85,3,3.5,0,tan
2473,0.85,4,2.75,0,tan
2474,0.7,3,3.25,1,purple
2475,0.7,4,3.25,2,black
2476,1.0,3,1.5,0,tan
2477,0.74,3,3.75,1,purple
2478,0.7,4,2.0,0,tan
2479,0.7,3,3.25,1,purple
2480,0.72,3,3.75,1,purple
2481,0.7,4,3.5,2,black
2482,0.7,3,3.25,1,purple
2483,0.7,2,2.5,0,tan
2484,0.7,2,3.0,0,tan
2485,0.76,3,2.5,0,tan
2486,0.82,3,2.75,0,tan
2487,0.7,3,2.75,0,tan
2488,0.7,3,3.0,0,tan
2489,0.75,5,3.0,2,black
2490,0.75,5,3.0,2,black
2491,0.7,3,3.75,1,purple
2492,0.7,3,3.25,1,purple
2493,0.64,3,2.5,0,tan
2494,0.8,4,2.5,0,tan
2495,0.7,3,3.0,0,tan
2496,0.72,4,2.5,2,black
2497,0.7,3,3.0,0,tan
2498,0.72,2,3.0,0,tan
2499,0.82,4,2.75,0,tan
2500,0.76,3,3.5,1,purple
2501,0.72,3,3.5,1,purple
2502,0.7,3,3.5,1,purple
2503,0.8,2,2.75,0,tan
2504,0.78,3,3.5,1,purple
2505,0.72,5,3.0,2,black
2506,0.65,2,3.5,1,purple
2507,0.65,4,3.0,2,black
2508,0.72,4,3.0,2,black
2509,0.68,4,2.75,2,black
2510,0.7,3,2.5,0,tan
2511,0.7,4,4.0,1,purple
2512,0.7,2,3.5,1,purple
2513,0.7,2,3.75,1,purple
2514,0.71,4,2.5,2,black
2515,0.7,2,2.5,0,tan
2516,0.7,3,4.0,1,purple
2517,0.7,3,4.0,1,purple
2518,0.65,5,2.5,2,black
2519,0.65,5,3.5,2,black
2520,0.7,2,3.0,0,tan
2521,0.7,2,3.25,1,purple
2522,0.7,2,3.5,1,purple
2523,0.7,2,3.25,1,purple
2524,0.7,2,3.5,1,purple
2525,0.76,3,2.25,0,tan
2526,0.72,3,2.5,0,tan
2527,0.7,2,3.25,1,purple
2528,0.7,4,3.0,2,black
2529,0.7,4,3.5,2,black
2530,0.62,4,3.75,2,black
2531,0.75,4,3.0,2,black
2532,0.75,4,3.0,2,black
2533,0.9,4,3.25,0,tan
2534,0.7,4,3.75,2,black
2535,0.7,2,2.5,0,tan
2536,0.66,2,3.5,1,purple
2537,0.68,4,3.25,2,black
2538,0.58,4,3.5,2,black
2539,0.81,2,2.0,0,tan
2540,0.65,4,1.5,2,black
2541,0.75,4,2.0,0,tan
2542,0.7,4,2.5,2,black
2543,0.74,5,3.25,2,black
2544,0.7,5,4.0,2,black
2545,0.66,4,3.5,2,black
2546,0.75,2,4.0,1,purple
2547,0.7,3,3.25,1,purple
2548,0.8,3,3.0,0,tan
2549,0.7,4,4.0,1,purple
2550,0.75,2,2.75,0,tan
2551,0.69,2,3.5,1,purple
2552,0.69,2,3.5,1,purple
2553,0.7,3,3.25,1,purple
2554,0.7,3,3.25,1,purple
2555,0.68,2,3.5,1,purple
2556,0.68,2,3.75,1,purple
2557,0.65,4,3.25,2,black
2558,0.7,4,2.75,2,black
2559,0.7,3,2.75,0,tan
2560,0.58,4,3.25,2,black
2561,0.7,3,2.5,0,tan
2562,0.7,3,3.5,1,purple
2563,0.7,3,3.75,1,purple
2564,0.7,3,3.75,1,purple
2565,0.74,3,4.0,1,purple
2566,0.99,3,3.25,0,tan
2567,0.7,2,3.75,1,purple
2568,0.6,3,3.5,1,purple
2569,0.82,3,2.5,0,tan
2570,0.68,3,2.75,0,tan
2571,0.72,3,3.25,1,purple
2572,0.72,3,2.75,0,tan
2573,0.7,3,3.75,1,purple
2574,0.66,3,3.5,1,purple
2575,0.72,3,3.75,1,purple
2576,0.69,2,4.0,1,purple
2577,0.68,5,3.75,2,black
2578,0.7,3,3.5,1,purple
2579,0.77,3,3.0,0,tan
2580,0.65,5,3.5,2,black
2581,0.61,5,3.5,2,black
2582,0.72,5,3.0,2,black
2583,0.72,5,3.75,2,black
2584,0.8,4,3.75,1,purple
2585,0.69,2,3.0,0,tan
2586,0.7,2,3.0,0,tan
2587,0.73,4,2.75,2,black
2588,0.69,5,4.0,2,black
2589,0.75,2,2.75,0,tan
2590,0.8,2,3.25,0,tan
2591,0.6,3,3.0,2,black
2592,0.65,3,3.25,1,purple
2593,0.65,4,2.5,2,black
2594,0.7,3,3.25,1,purple
2595,0.7,3,3.25,1,purple
2596,0.7,3,3.75,1,purple
2597,0.72,4,2.75,2,black
2598,0.72,4,3.0,2,black
2599,0.7,4,2.5,2,black
2600,0.75,4,2.75,2,black
2601,0.75,2,2.75,0,tan
2602,0.74,2,3.0,0,tan
2603,0.68,2,3.5,1,purple
2604,0.72,3,3.75,1,purple
2605,0.7,3,3.5,1,purple
2606,0.7,3,3.75,1,purple
2607,0.7,4,3.5,2,black
2608,0.7,3,3.25,1,purple
2609,0.74,3,3.5,1,purple
2610,0.65,4,2.5,2,black
2611,0.8,4,2.75,0,tan
2612,0.73,2,3.5,1,purple
2613,0.75,3,3.25,1,purple
2614,0.78,4,4.0,1,purple
2615,0.7,3,3.5,1,purple
2616,0.66,4,3.75,2,black
2617,0.72,3,2.5,0,tan
2618,0.65,3,2.75,2,black
2619,0.72,3,3.5,1,purple
2620,0.75,2,3.25,1,purple
2621,0.7,3,3.5,1,purple
2622,0.7,3,2.75,0,tan
2623,0.8,4,3.0,0,tan
2624,0.67,3,3.25,1,purple
2625,0.7,3,3.5,1,purple
2626,0.75,3,3.25,1,purple
2627,0.65,3,3.25,1,purple
2628,0.67,3,3.25,1,purple
2629,0.64,3,3.25,1,purple
2630,0.75,3,3.5,1,purple
2631,0.7,4,3.75,2,black
2632,0.75,2,3.5,1,purple
2633,0.75,2,3.75,1,purple
2634,0.7,2,3.25,1,purple
2635,0.7,2,3.5,1,purple
2636,0.7,2,3.75,1,purple
2637,0.85,3,3.5,0,tan
2638,0.75,4,3.0,2,black
2639,0.7,2,3.75,1,purple
2640,0.7,2,3.75,1,purple
2641,0.7,2,4.0,1,purple
2642,0.61,5,3.0,2,black
2643,0.75,4,3.0,2,black
2644,0.75,4,3.0,2,black
2645,0.75,4,3.5,2,black
2646,0.7,4,3.25,2,black
2647,0.7,3,3.25,1,purple
2648,0.72,2,3.75,1,purple
2649,0.7,2,3.25,1,purple
2650,0.7,4,3.25,2,black
2651,0.7,4,3.5,2,black
2652,0.7,2,3.0,0,tan
2653,0.72,2,2.5,0,tan
2654,0.73,2,2.75,0,tan
2655,0.7,2,2.5,0,tan
2656,0.7,2,2.5,0,tan
